,Adj Close
0,
1,
2,
3,81.51000213623047
4,81.7699966430664
5,83.18000030517578
6,82.66000366210938
7,82.75
8,
9,
10,82.5199966430664
11,80.79000091552734
12,79.6500015258789
13,79.38999938964844
14,78.0
15,
16,
17,
18,79.0199966430664
19,77.62000274658203
20,76.08000183105469
21,74.54000091552734
22,
23,
24,75.26000213623047
25,74.70999908447266
26,73.66999816894531
27,73.63999938964844
28,72.88999938964844
29,
30,
31,74.43000030517578
32,77.2300033569336
33,76.9800033569336
34,73.13999938964844
35,71.19000244140625
36,
37,
38,71.88999938964844
39,73.75
40,74.5199966430664
41,75.27999877929688
42,74.12999725341797
43,
44,
45,
46,77.01000213623047
47,77.33000183105469
48,79.05999755859375
49,79.80999755859375
50,
51,
52,80.16000366210938
53,78.86000061035156
54,80.0
55,78.16999816894531
56,79.66000366210938
57,
58,
59,78.69999694824219
60,79.68000030517578
61,80.87000274658203
62,80.20999908447266
63,81.5
64,
65,
66,81.87000274658203
67,81.48999786376953
68,82.08999633789062
69,82.11000061035156
70,81.23999786376953
71,
72,
73,79.80000305175781
74,81.69999694824219
75,82.93000030517578
76,82.19999694824219
77,80.68000030517578
78,
79,
80,81.25
81,81.91000366210938
82,80.61000061035156
83,80.52999877929688
84,80.0
85,
86,
87,82.16999816894531
88,82.37000274658203
89,83.76000213623047
90,84.87000274658203
91,
92,
93,
94,86.62000274658203
95,86.83999633789062
96,85.87999725341797
97,85.38999938964844
98,84.91999816894531
99,
100,
101,84.33999633789062
102,84.05000305175781
103,85.83999633789062
104,85.51000213623047
105,83.23999786376953
106,
107,
108,81.44999694824219
109,83.44999694824219
110,83.68000030517578
111,83.69999694824219
112,85.12000274658203
113,
114,
115,84.19999694824219
116,82.44000244140625
117,83.22000122070312
118,85.16999816894531
119,86.1500015258789
120,
121,
122,86.19000244140625
123,82.73999786376953
124,79.97000122070312
125,77.11000061035156
126,75.11000061035156
127,
128,
129,76.80000305175781
130,76.37000274658203
131,75.6500015258789
132,74.4000015258789
133,71.61000061035156
134,
135,
136,70.08000183105469
137,69.41000366210938
138,69.87000274658203
139,68.01000213623047
140,70.04000091552734
141,
142,
143,70.20999908447266
144,68.75
145,71.51000213623047
146,74.55000305175781
147,73.97000122070312
148,
149,
150,
151,72.58000183105469
152,72.86000061035156
153,74.61000061035156
154,71.51000213623047
155,
156,
157,71.44000244140625
158,71.98999786376953
159,74.37999725341797
160,75.4800033569336
161,73.77999877929688
162,
163,
164,75.12000274658203
165,76.94000244140625
166,77.66999816894531
167,76.79000091552734
168,77.18000030517578
169,
170,
171,77.81999969482422
172,77.20999908447266
173,76.3499984741211
174,76.51000213623047
175,78.86000061035156
176,
177,
178,78.25
179,75.94000244140625
180,75.62999725341797
181,72.94999694824219
182,72.13999938964844
183,
184,
185,
186,71.9800033569336
187,74.06999969482422
188,75.44000244140625
189,76.08999633789062
190,
191,
192,74.94999694824219
193,77.1500015258789
194,77.04000091552734
195,76.62000274658203
196,76.01000213623047
197,
198,
199,76.54000091552734
200,77.44000244140625
201,76.55999755859375
202,79.30000305175781
203,78.9800033569336
204,
205,
206,78.9800033569336
207,77.5
208,76.98999786376953
209,78.36000061035156
210,78.94999694824219
211,
212,
213,81.33999633789062
214,82.55000305175781
215,82.47000122070312
216,82.01000213623047
217,80.69999694824219
218,
219,
220,81.4800033569336
221,80.25
222,78.0199966430664
223,75.73999786376953
224,75.38999938964844
225,
226,
227,75.23999786376953
228,75.7699966430664
229,75.41999816894531
230,74.43000030517578
231,73.45999908447266
232,
233,
234,73.0999984741211
235,71.62999725341797
236,72.5199966430664
237,73.36000061035156
238,75.16999816894531
239,
240,
241,74.69999694824219
242,71.91999816894531
243,73.91000366210938
244,75.0199966430664
245,74.5999984741211
246,
247,
248,
249,74.08999633789062
250,74.66999816894531
251,74.25
252,76.44999694824219
253,
254,
255,77.19000244140625
256,76.80000305175781
257,76.0199966430664
258,74.56999969482422
259,73.66000366210938
260,
261,
262,74.86000061035156
263,73.5199966430664
264,74.70999908447266
265,75.18000030517578
266,76.48999786376953
267,
268,
269,76.5199966430664
270,76.18000030517578
271,77.86000061035156
272,79.97000122070312
273,81.58000183105469
274,
275,
276,81.47000122070312
277,82.81999969482422
278,83.2300033569336
279,81.66999816894531
280,82.66000366210938
281,
282,
283,82.20999908447266
284,81.66999816894531
285,83.01000213623047
286,82.69000244140625
287,81.25
288,
289,
290,83.08000183105469
291,79.48999786376953
292,81.7699966430664
293,80.55999755859375
294,81.69000244140625
295,
296,
297,82.5199966430664
298,82.55000305175781
299,81.94000244140625
300,82.18000030517578
301,81.43000030517578
302,
303,
304,82.94999694824219
305,83.9000015258789
306,84.69000244140625
307,86.48999786376953
308,86.8499984741211
309,
310,
311,87.05999755859375
312,86.72000122070312
313,87.80999755859375
314,87.80999755859375
315,84.87999725341797
316,
317,
318,84.86000061035156
319,82.33999633789062
320,80.44000244140625
321,81.8499984741211
322,81.51000213623047
323,
324,
325,81.73999786376953
326,81.25
327,83.86000061035156
328,
329,83.76000213623047
330,
331,
332,85.7300033569336
333,84.11000061035156
334,86.75
335,88.0
336,89.19000244140625
337,
338,
339,89.37999725341797
340,88.69000244140625
341,88.27999877929688
342,88.37000274658203
343,87.79000091552734
344,
345,
346,88.61000061035156
347,88.27999877929688
348,88.62000274658203
349,87.69999694824219
350,88.0199966430664
351,
352,
353,88.80999755859375
354,89.81999969482422
355,90.4800033569336
356,91.51000213623047
357,
358,
359,
360,91.0
361,91.48999786376953
362,91.12000274658203
363,89.83999633789062
364,91.37999725341797
365,
366,
367,91.55000305175781
368,89.37999725341797
369,90.30000305175781
370,88.37999725341797
371,88.02999877929688
372,
373,
374,89.25
375,91.11000061035156
376,91.86000061035156
377,91.4000015258789
378,91.54000091552734
379,
380,
381,
382,91.37999725341797
383,90.86000061035156
384,88.86000061035156
385,89.11000061035156
386,
387,
388,87.87000274658203
389,86.19000244140625
390,87.33000183105469
391,85.63999938964844
392,89.33999633789062
393,
394,
395,92.19000244140625
396,90.7699966430664
397,90.86000061035156
398,90.54000091552734
399,89.02999877929688
400,
401,
402,87.4800033569336
403,86.94000244140625
404,86.70999908447266
405,86.7300033569336
406,85.58000183105469
407,
408,
409,84.80999755859375
410,84.31999969482422
411,84.98999786376953
412,86.36000061035156
413,86.19999694824219
414,
415,
416,
417,93.56999969482422
418,98.0999984741211
419,97.27999877929688
420,97.87999725341797
421,
422,
423,96.97000122070312
424,99.62999725341797
425,102.2300033569336
426,101.91000366210938
427,104.41999816894531
428,
429,
430,105.44000244140625
431,105.0199966430664
432,104.37999725341797
433,102.69999694824219
434,101.16000366210938
435,
436,
437,101.19000244140625
438,97.18000030517578
439,97.9800033569336
440,101.41999816894531
441,101.06999969482422
442,
443,
444,102.33000183105469
445,104.0
446,105.75
447,105.5999984741211
448,105.4000015258789
449,
450,
451,103.9800033569336
452,104.79000091552734
453,104.2699966430664
454,106.72000122070312
455,107.94000244140625
456,
457,
458,108.47000122070312
459,108.33999633789062
460,108.83000183105469
461,110.30000305175781
462,112.79000091552734
463,
464,
465,109.91999816894531
466,106.25
467,107.11000061035156
468,108.11000061035156
469,109.66000366210938
470,
471,
472,107.12000274658203
473,108.1500015258789
474,111.44999694824219
475,112.29000091552734
476,
477,
478,
479,112.27999877929688
480,112.20999908447266
481,112.76000213623047
482,112.86000061035156
483,113.93000030517578
484,
485,
486,113.5199966430664
487,111.05000305175781
488,109.23999786376953
489,99.80000305175781
490,97.18000030517578
491,
492,
493,102.55000305175781
494,103.87999725341797
495,98.20999908447266
496,98.97000122070312
497,99.6500015258789
498,
499,
500,97.37000274658203
501,96.91000366210938
502,100.0999984741211
503,98.44000244140625
504,99.48999786376953
505,
506,
507,97.69999694824219
508,99.58999633789062
509,101.31999969482422
510,100.2300033569336
511,100.58999633789062
512,
513,
514,
515,102.69999694824219
516,100.29000091552734
517,100.4000015258789
518,100.22000122070312
519,
520,
521,99.01000213623047
522,99.08999633789062
523,100.73999786376953
524,101.93000030517578
525,99.29000091552734
526,
527,
528,97.30000305175781
529,99.37000274658203
530,94.80999755859375
531,94.94999694824219
532,93.01000213623047
533,
534,
535,93.26000213623047
536,93.4000015258789
537,95.41000366210938
538,91.0199966430664
539,91.16000366210938
540,
541,
542,90.61000061035156
543,92.88999938964844
544,94.7699966430664
545,95.41999816894531
546,94.94000244140625
547,
548,
549,
550,96.88999938964844
551,96.6500015258789
552,98.66999816894531
553,96.19999694824219
554,
555,
556,95.1500015258789
557,97.43000030517578
558,98.05000305175781
559,95.69000244140625
560,97.23999786376953
561,
562,
563,95.93000030517578
564,97.5
565,98.13999938964844
566,99.12999725341797
567,99.87000274658203
568,
569,
570,99.19999694824219
571,99.58999633789062
572,97.4000015258789
573,97.44000244140625
574,95.69999694824219
575,
576,
577,94.88999938964844
578,93.79000091552734
579,91.93000030517578
580,86.62999725341797
581,86.87999725341797
582,
583,
584,81.30999755859375
585,79.30000305175781
586,82.88999938964844
587,85.72000122070312
588,85.37999725341797
589,
590,
591,87.87999725341797
592,86.6500015258789
593,87.58000183105469
594,82.37999725341797
595,82.26000213623047
596,
597,
598,84.12000274658203
599,85.44000244140625
600,85.16000366210938
601,85.30000305175781
602,85.37000274658203
603,
604,
605,87.2699966430664
606,88.9000015258789
607,88.80999755859375
608,88.93000030517578
609,86.44999694824219
610,
611,
612,
613,86.0199966430664
614,89.33999633789062
615,89.05000305175781
616,87.23999786376953
617,
618,
619,88.19000244140625
620,90.20999908447266
621,88.91000366210938
622,89.4000015258789
623,87.95999908447266
624,
625,
626,85.69999694824219
627,86.88999938964844
628,85.91999816894531
629,80.51000213623047
630,79.8499984741211
631,
632,
633,80.23999786376953
634,84.44999694824219
635,81.20999908447266
636,82.13999938964844
637,79.19999694824219
638,
639,
640,77.61000061035156
641,75.66999816894531
642,79.68000030517578
643,82.58999633789062
644,82.9800033569336
645,
646,
647,85.41000366210938
648,85.80999755859375
649,85.56999969482422
650,84.2300033569336
651,86.80000305175781
652,
653,
654,86.37999725341797
655,88.33999633789062
656,86.11000061035156
657,85.30000305175781
658,87.4000015258789
659,
660,
661,91.2699966430664
662,93.16999816894531
663,90.19999694824219
664,93.95999908447266
665,93.31999969482422
666,
667,
668,93.19000244140625
669,92.19000244140625
670,92.51000213623047
671,94.06999969482422
672,94.26000213623047
673,
674,
675,95.5199966430664
676,96.80000305175781
677,95.73999786376953
678,97.77999877929688
679,98.98999786376953
680,
681,
682,98.13999938964844
683,99.37000274658203
684,102.58999633789062
685,98.81999969482422
686,97.41000366210938
687,
688,
689,96.91999816894531
690,98.01000213623047
691,96.16999816894531
692,
693,96.7699966430664
694,
695,
696,98.20999908447266
697,99.79000091552734
698,100.36000061035156
699,100.19999694824219
700,100.95999908447266
701,
702,
703,100.98999786376953
704,101.27999877929688
705,100.48999786376953
706,98.33999633789062
707,99.41000366210938
708,
709,
710,97.7699966430664
711,100.13999938964844
712,94.94999694824219
713,93.87000274658203
714,93.52999877929688
715,
716,
717,93.87999725341797
718,97.22000122070312
719,98.66999816894531
720,99.52999877929688
721,99.68000030517578
722,
723,
724,
725,101.33999633789062
726,99.36000061035156
727,99.6500015258789
728,98.83000183105469
729,
730,
731,
732,102.95999908447266
733,103.22000122070312
734,101.80999755859375
735,101.55999755859375
736,
737,
738,101.30999755859375
739,102.23999786376953
740,100.87000274658203
741,99.0999984741211
742,98.69999694824219
743,
744,
745,
746,100.70999908447266
747,100.58999633789062
748,100.38999938964844
749,98.45999908447266
750,
751,
752,99.58000183105469
753,98.94999694824219
754,99.4000015258789
755,99.69999694824219
756,99.55999755859375
757,
758,
759,98.77999877929688
760,98.4800033569336
761,97.61000061035156
762,96.36000061035156
763,97.83999633789062
764,
765,
766,96.91000366210938
767,98.41000366210938
768,98.70999908447266
769,99.83999633789062
770,98.66999816894531
771,
772,
773,100.91000366210938
774,100.73999786376953
775,101.80000305175781
776,102.30999755859375
777,103.23999786376953
778,
779,
780,
781,105.83999633789062
782,106.27999877929688
783,107.83000183105469
784,109.7699966430664
785,
786,
787,108.55999755859375
788,106.55000305175781
789,107.06999969482422
790,108.83999633789062
791,106.69999694824219
792,
793,
794,106.72000122070312
795,104.69999694824219
796,106.16000366210938
797,106.58000183105469
798,107.4000015258789
799,
800,
801,106.33999633789062
802,106.70999908447266
803,105.43000030517578
804,105.11000061035156
805,107.05999755859375
806,
807,
808,108.08999633789062
809,105.61000061035156
810,107.2699966430664
811,105.3499984741211
812,106.87000274658203
813,
814,
815,107.02999877929688
816,107.33000183105469
817,105.41000366210938
818,102.77999877929688
819,103.0199966430664
820,
821,
822,105.2300033569336
823,104.01000213623047
824,101.47000122070312
825,103.30999755859375
826,
827,
828,
829,102.45999908447266
830,101.0199966430664
831,102.69999694824219
832,103.63999938964844
833,102.83000183105469
834,
835,
836,102.93000030517578
837,104.19999694824219
838,102.66999816894531
839,102.2699966430664
840,103.05000305175781
841,
842,
843,103.11000061035156
844,103.55000305175781
845,104.12000274658203
846,104.55000305175781
847,104.93000030517578
848,
849,
850,104.87000274658203
851,106.16000366210938
852,105.22000122070312
853,102.54000091552734
854,98.48999786376953
855,
856,
857,97.94000244140625
858,97.01000213623047
859,96.80999755859375
860,97.08000183105469
861,96.12999725341797
862,
863,
864,94.77999877929688
865,93.9800033569336
866,92.80999755859375
867,92.55999755859375
868,91.4800033569336
869,
870,
871,92.56999969482422
872,91.66000366210938
873,89.9000015258789
874,90.66000366210938
875,90.86000061035156
876,
877,
878,
879,90.76000213623047
880,87.81999969482422
881,86.52999877929688
882,83.2300033569336
883,
884,
885,83.9800033569336
886,84.29000091552734
887,85.0199966430664
888,84.81999969482422
889,84.0999984741211
890,
891,
892,82.69999694824219
893,83.31999969482422
894,82.62000274658203
895,83.91000366210938
896,84.02999877929688
897,
898,
899,83.2699966430664
900,84.02999877929688
901,81.80000305175781
902,78.19999694824219
903,79.76000213623047
904,
905,
906,79.20999908447266
907,79.36000061035156
908,80.20999908447266
909,77.69000244140625
910,84.95999908447266
911,
912,
913,83.75
914,87.66000366210938
915,
916,87.22000122070312
917,84.44999694824219
918,
919,
920,85.98999786376953
921,83.91000366210938
922,85.80999755859375
923,86.08000183105469
924,87.0999984741211
925,
926,
927,88.43000030517578
928,89.22000122070312
929,89.87000274658203
930,92.66000366210938
931,91.44000244140625
932,
933,
934,88.13999938964844
935,88.5
936,88.97000122070312
937,89.38999938964844
938,90.12999725341797
939,
940,
941,89.77999877929688
942,88.05999755859375
943,88.91000366210938
944,87.12999725341797
945,91.4000015258789
946,
947,
948,92.19999694824219
949,93.66999816894531
950,93.3499984741211
951,93.36000061035156
952,92.87000274658203
953,
954,
955,92.7300033569336
956,93.43000030517578
957,94.33000183105469
958,95.5999984741211
959,96.01000213623047
960,
961,
962,95.97000122070312
963,96.68000030517578
964,97.26000213623047
965,96.2699966430664
966,96.1500015258789
967,
968,
969,95.47000122070312
970,96.33000183105469
971,95.48999786376953
972,94.62000274658203
973,96.47000122070312
974,
975,
976,
977,95.30000305175781
978,95.36000061035156
979,95.52999877929688
980,96.41999816894531
981,
982,
983,96.54000091552734
984,97.16999816894531
985,97.01000213623047
986,98.30999755859375
987,99.0
988,
989,
990,96.62000274658203
991,95.29000091552734
992,91.9800033569336
993,91.87000274658203
994,92.88999938964844
995,
996,
997,91.93000030517578
998,91.37000274658203
999,89.9800033569336
1000,91.8499984741211
1001,92.19000244140625
1002,
1003,
1004,92.4800033569336
1005,91.88999938964844
1006,88.13999938964844
1007,91.70999908447266
1008,89.87999725341797
1009,
1010,
1011,89.33000183105469
1012,92.38999938964844
1013,91.25
1014,92.06999969482422
1015,91.86000061035156
1016,
1017,
1018,91.8499984741211
1019,92.08999633789062
1020,92.12000274658203
1021,92.0999984741211
1022,90.05000305175781
1023,
1024,
1025,88.7300033569336
1026,86.66999816894531
1027,85.7300033569336
1028,86.05000305175781
1029,86.27999877929688
1030,
1031,
1032,
1033,
1034,86.23999786376953
1035,87.08999633789062
1036,84.86000061035156
1037,
1038,
1039,85.6500015258789
1040,88.70999908447266
1041,84.44000244140625
1042,85.08999633789062
1043,86.06999969482422
1044,
1045,
1046,85.56999969482422
1047,85.37999725341797
1048,86.31999969482422
1049,85.44999694824219
1050,86.66999816894531
1051,
1052,
1053,89.27999877929688
1054,86.75
1055,87.37999725341797
1056,
1057,88.27999877929688
1058,
1059,
1060,87.73999786376953
1061,87.18000030517578
1062,86.48999786376953
1063,88.06999969482422
1064,88.91000366210938
1065,
1066,
1067,89.08999633789062
1068,88.5
1069,87.87999725341797
1070,86.26000213623047
1071,85.93000030517578
1072,
1073,
1074,85.55999755859375
1075,85.79000091552734
1076,86.7699966430664
1077,85.88999938964844
1078,86.7300033569336
1079,
1080,
1081,87.19999694824219
1082,87.93000030517578
1083,89.51000213623047
1084,90.12999725341797
1085,88.66000366210938
1086,
1087,
1088,88.61000061035156
1089,
1090,90.9800033569336
1091,90.87000274658203
1092,90.80000305175781
1093,
1094,
1095,91.81999969482422
1096,
1097,93.12000274658203
1098,92.91999816894531
1099,93.08999633789062
1100,
1101,
1102,93.19000244140625
1103,93.1500015258789
1104,93.0999984741211
1105,93.81999969482422
1106,93.55999755859375
1107,
1108,
1109,94.13999938964844
1110,93.27999877929688
1111,94.23999786376953
1112,95.48999786376953
1113,95.55999755859375
1114,
1115,
1116,
1117,96.23999786376953
1118,95.2300033569336
1119,95.94999694824219
1120,95.87999725341797
1121,
1122,
1123,96.44000244140625
1124,97.56999969482422
1125,97.94000244140625
1126,97.48999786376953
1127,97.7699966430664
1128,
1129,
1130,96.16999816894531
1131,96.63999938964844
1132,96.62000274658203
1133,95.83000183105469
1134,95.72000122070312
1135,
1136,
1137,97.02999877929688
1138,97.51000213623047
1139,97.01000213623047
1140,97.30999755859375
1141,95.86000061035156
1142,
1143,
1144,
1145,96.66000366210938
1146,94.45999908447266
1147,92.83999633789062
1148,93.12999725341797
1149,
1150,
1151,93.11000061035156
1152,92.62999725341797
1153,92.76000213623047
1154,92.05000305175781
1155,90.68000030517578
1156,
1157,
1158,90.12000274658203
1159,90.81999969482422
1160,90.43000030517578
1161,91.55999755859375
1162,91.94999694824219
1163,
1164,
1165,92.05999755859375
1166,92.54000091552734
1167,92.5199966430664
1168,93.02999877929688
1169,93.44999694824219
1170,
1171,
1172,93.73999786376953
1173,92.16000366210938
1174,92.95999908447266
1175,92.44999694824219
1176,93.70999908447266
1177,
1178,
1179,94.80999755859375
1180,96.33999633789062
1181,96.58000183105469
1182,97.2300033569336
1183,
1184,
1185,
1186,97.06999969482422
1187,97.19000244140625
1188,94.44999694824219
1189,93.26000213623047
1190,92.69999694824219
1191,
1192,
1193,93.36000061035156
1194,94.19999694824219
1195,94.63999938964844
1196,93.51000213623047
1197,91.29000091552734
1198,
1199,
1200,88.70999908447266
1201,88.72000122070312
1202,86.68000030517578
1203,87.7300033569336
1204,88.01000213623047
1205,
1206,
1207,88.76000213623047
1208,89.18000030517578
1209,91.43000030517578
1210,93.63999938964844
1211,93.0
1212,
1213,
1214,94.5
1215,93.45999908447266
1216,91.02999877929688
1217,93.98999786376953
1218,95.61000061035156
1219,
1220,
1221,96.16000366210938
1222,95.62000274658203
1223,96.62000274658203
1224,96.38999938964844
1225,96.04000091552734
1226,
1227,
1228,95.16999816894531
1229,94.20999908447266
1230,94.30000305175781
1231,95.16000366210938
1232,96.0199966430664
1233,
1234,
1235,96.70999908447266
1236,96.16000366210938
1237,94.27999877929688
1238,94.25
1239,94.1500015258789
1240,
1241,
1242,
1243,95.01000213623047
1244,93.12999725341797
1245,93.61000061035156
1246,91.97000122070312
1247,
1248,
1249,93.44999694824219
1250,93.30999755859375
1251,93.73999786376953
1252,94.76000213623047
1253,96.02999877929688
1254,
1255,
1256,95.7699966430664
1257,95.37999725341797
1258,95.87999725341797
1259,96.69000244140625
1260,97.8499984741211
1261,
1262,
1263,97.7699966430664
1264,98.44000244140625
1265,98.23999786376953
1266,95.4000015258789
1267,93.69000244140625
1268,
1269,
1270,95.18000030517578
1271,95.31999969482422
1272,95.5
1273,97.05000305175781
1274,96.55999755859375
1275,
1276,
1277,97.98999786376953
1278,99.5999984741211
1279,101.23999786376953
1280,
1281,103.22000122070312
1282,
1283,
1284,103.13999938964844
1285,103.52999877929688
1286,106.5199966430664
1287,104.91000366210938
1288,105.94999694824219
1289,
1290,
1291,106.31999969482422
1292,106.0
1293,106.4800033569336
1294,108.04000091552734
1295,108.05000305175781
1296,
1297,
1298,106.91000366210938
1299,107.2300033569336
1300,105.38999938964844
1301,105.48999786376953
1302,104.69999694824219
1303,
1304,
1305,104.55000305175781
1306,103.08000183105469
1307,105.02999877929688
1308,107.88999938964844
1309,106.94000244140625
1310,
1311,
1312,106.55999755859375
1313,105.30000305175781
1314,104.37000274658203
1315,103.4000015258789
1316,105.97000122070312
1317,
1318,
1319,106.11000061035156
1320,106.83000183105469
1321,106.8499984741211
1322,107.33000183105469
1323,107.45999908447266
1324,
1325,
1326,107.0999984741211
1327,104.97000122070312
1328,103.8499984741211
1329,105.02999877929688
1330,106.41999816894531
1331,
1332,
1333,105.91999816894531
1334,109.01000213623047
1335,110.0999984741211
1336,108.80000305175781
1337,107.6500015258789
1338,
1339,
1340,
1341,108.54000091552734
1342,107.2300033569336
1343,108.37000274658203
1344,110.52999877929688
1345,
1346,
1347,109.5199966430664
1348,107.38999938964844
1349,107.55999755859375
1350,108.5999984741211
1351,108.20999908447266
1352,
1353,
1354,106.58999633789062
1355,105.41999816894531
1356,108.06999969482422
1357,106.38999938964844
1358,104.68000030517578
1359,
1360,
1361,103.58999633789062
1362,103.12999725341797
1363,102.66000366210938
1364,103.02999877929688
1365,102.87000274658203
1366,
1367,
1368,102.33000183105469
1369,102.04000091552734
1370,104.0999984741211
1371,103.30999755859375
1372,103.83999633789062
1373,
1374,
1375,103.02999877929688
1376,103.48999786376953
1377,101.61000061035156
1378,103.01000213623047
1379,102.0199966430664
1380,
1381,
1382,102.41000366210938
1383,101.20999908447266
1384,102.29000091552734
1385,100.66999816894531
1386,100.80999755859375
1387,
1388,
1389,99.22000122070312
1390,97.80000305175781
1391,96.86000061035156
1392,97.11000061035156
1393,97.8499984741211
1394,
1395,
1396,98.68000030517578
1397,98.19999694824219
1398,96.7699966430664
1399,96.37999725341797
1400,94.61000061035156
1401,
1402,
1403,94.62000274658203
1404,93.37000274658203
1405,94.80000305175781
1406,94.19999694824219
1407,94.5999984741211
1408,
1409,
1410,95.13999938964844
1411,93.04000091552734
1412,93.87999725341797
1413,93.76000213623047
1414,93.83999633789062
1415,
1416,
1417,93.02999877929688
1418,93.33999633789062
1419,93.33000183105469
1420,95.44000244140625
1421,94.83999633789062
1422,
1423,
1424,94.08999633789062
1425,93.68000030517578
1426,92.30000305175781
1427,
1428,92.72000122070312
1429,
1430,
1431,93.81999969482422
1432,96.04000091552734
1433,97.19999694824219
1434,97.37999725341797
1435,97.6500015258789
1436,
1437,
1438,97.33999633789062
1439,98.51000213623047
1440,97.44000244140625
1441,97.5
1442,96.5999984741211
1443,
1444,
1445,97.4800033569336
1446,97.22000122070312
1447,97.80000305175781
1448,98.7699966430664
1449,99.31999969482422
1450,
1451,
1452,98.91000366210938
1453,99.22000122070312
1454,
1455,99.55000305175781
1456,100.31999969482422
1457,
1458,
1459,99.29000091552734
1460,98.41999816894531
1461,
1462,95.44000244140625
1463,93.95999908447266
1464,
1465,
1466,93.43000030517578
1467,93.66999816894531
1468,92.33000183105469
1469,91.66000366210938
1470,92.72000122070312
1471,
1472,
1473,91.80000305175781
1474,92.58999633789062
1475,94.16999816894531
1476,93.95999908447266
1477,94.37000274658203
1478,
1479,
1480,
1481,94.98999786376953
1482,96.7300033569336
1483,97.31999969482422
1484,96.63999938964844
1485,
1486,
1487,95.72000122070312
1488,97.41000366210938
1489,97.36000061035156
1490,98.2300033569336
1491,97.48999786376953
1492,
1493,
1494,96.43000030517578
1495,97.19000244140625
1496,97.37999725341797
1497,97.83999633789062
1498,99.87999725341797
1499,
1500,
1501,100.05999755859375
1502,99.94000244140625
1503,100.37000274658203
1504,100.3499984741211
1505,100.30000305175781
1506,
1507,
1508,
1509,102.43000030517578
1510,103.30999755859375
1511,102.91999816894531
1512,102.19999694824219
1513,
1514,
1515,102.81999969482422
1516,101.83000183105469
1517,102.58999633789062
1518,102.4000015258789
1519,102.58999633789062
1520,
1521,
1522,104.91999816894531
1523,103.33000183105469
1524,101.44999694824219
1525,101.55999755859375
1526,102.58000183105469
1527,
1528,
1529,101.12000274658203
1530,100.02999877929688
1531,97.98999786376953
1532,98.19999694824219
1533,98.88999938964844
1534,
1535,
1536,98.08000183105469
1537,99.69999694824219
1538,100.37000274658203
1539,99.43000030517578
1540,99.45999908447266
1541,
1542,
1543,99.5999984741211
1544,99.19000244140625
1545,100.26000213623047
1546,101.27999877929688
1547,101.66999816894531
1548,
1549,
1550,101.58000183105469
1551,99.73999786376953
1552,99.62000274658203
1553,100.29000091552734
1554,101.13999938964844
1555,
1556,
1557,100.44000244140625
1558,102.55999755859375
1559,103.5999984741211
1560,103.4000015258789
1561,103.73999786376953
1562,
1563,
1564,104.05000305175781
1565,103.75
1566,103.76000213623047
1567,104.30000305175781
1568,
1569,
1570,
1571,104.37000274658203
1572,102.12999725341797
1573,101.44000244140625
1574,101.94000244140625
1575,100.5999984741211
1576,
1577,
1578,100.83999633789062
1579,101.27999877929688
1580,99.73999786376953
1581,99.41999816894531
1582,99.76000213623047
1583,
1584,
1585,99.4800033569336
1586,99.5
1587,100.7699966430664
1588,100.26000213623047
1589,99.98999786376953
1590,
1591,
1592,100.58999633789062
1593,101.69999694824219
1594,102.37000274658203
1595,101.5
1596,102.0199966430664
1597,
1598,
1599,102.61000061035156
1600,102.44000244140625
1601,104.06999969482422
1602,103.73999786376953
1603,104.3499984741211
1604,
1605,
1606,
1607,104.11000061035156
1608,102.72000122070312
1609,103.58000183105469
1610,102.70999908447266
1611,
1612,
1613,102.47000122070312
1614,102.66000366210938
1615,102.63999938964844
1616,102.4800033569336
1617,102.66000366210938
1618,
1619,
1620,104.41000366210938
1621,104.3499984741211
1622,104.4000015258789
1623,106.52999877929688
1624,106.91000366210938
1625,
1626,
1627,106.9000015258789
1628,106.36000061035156
1629,105.97000122070312
1630,106.43000030517578
1631,107.26000213623047
1632,
1633,
1634,106.16999816894531
1635,106.02999877929688
1636,106.5
1637,105.83999633789062
1638,105.73999786376953
1639,
1640,
1641,105.37000274658203
1642,105.33999633789062
1643,104.4800033569336
1644,104.05999755859375
1645,
1646,
1647,
1648,103.52999877929688
1649,103.4000015258789
1650,102.29000091552734
1651,102.93000030517578
1652,100.83000183105469
1653,
1654,
1655,100.91000366210938
1656,99.95999908447266
1657,101.19999694824219
1658,103.19000244140625
1659,103.12999725341797
1660,
1661,
1662,104.58999633789062
1663,104.41999816894531
1664,103.12000274658203
1665,102.06999969482422
1666,102.08999633789062
1667,
1668,
1669,101.66999816894531
1670,100.97000122070312
1671,100.2699966430664
1672,98.16999816894531
1673,97.87999725341797
1674,
1675,
1676,98.29000091552734
1677,97.37999725341797
1678,96.91999816894531
1679,97.33999633789062
1680,97.6500015258789
1681,
1682,
1683,98.08000183105469
1684,97.37000274658203
1685,97.58999633789062
1686,95.58000183105469
1687,97.3499984741211
1688,
1689,
1690,96.41000366210938
1691,94.4800033569336
1692,96.06999969482422
1693,93.95999908447266
1694,93.6500015258789
1695,
1696,
1697,93.3499984741211
1698,93.86000061035156
1699,93.87999725341797
1700,94.55000305175781
1701,95.95999908447266
1702,
1703,
1704,
1705,92.87999725341797
1706,95.54000091552734
1707,94.44999694824219
1708,93.29000091552734
1709,
1710,
1711,92.66000366210938
1712,92.75
1713,91.66999816894531
1714,92.83000183105469
1715,92.2699966430664
1716,
1717,
1718,92.91999816894531
1719,94.87999725341797
1720,94.41999816894531
1721,93.06999969482422
1722,92.41000366210938
1723,
1724,
1725,91.5199966430664
1726,91.55999755859375
1727,92.80000305175781
1728,92.52999877929688
1729,93.54000091552734
1730,
1731,
1732,94.56999969482422
1733,91.16000366210938
1734,90.7300033569336
1735,91.01000213623047
1736,89.73999786376953
1737,
1738,
1739,90.33999633789062
1740,88.8499984741211
1741,87.30999755859375
1742,85.7699966430664
1743,85.81999969482422
1744,
1745,
1746,85.73999786376953
1747,81.83999633789062
1748,81.77999877929688
1749,82.69999694824219
1750,82.75
1751,
1752,
1753,82.70999908447266
1754,82.80999755859375
1755,80.5199966430664
1756,82.08999633789062
1757,81.01000213623047
1758,
1759,
1760,81.0
1761,81.41999816894531
1762,82.19999694824219
1763,81.12000274658203
1764,80.54000091552734
1765,
1766,
1767,78.77999877929688
1768,77.19000244140625
1769,78.68000030517578
1770,77.91000366210938
1771,78.6500015258789
1772,
1773,
1774,77.4000015258789
1775,77.94000244140625
1776,77.18000030517578
1777,74.20999908447266
1778,75.81999969482422
1779,
1780,
1781,75.63999938964844
1782,74.61000061035156
1783,74.58000183105469
1784,75.58000183105469
1785,76.51000213623047
1786,
1787,
1788,75.77999877929688
1789,74.08999633789062
1790,73.69000244140625
1791,
1792,66.1500015258789
1793,
1794,
1795,69.0
1796,66.87999725341797
1797,67.37999725341797
1798,66.80999755859375
1799,65.83999633789062
1800,
1801,
1802,63.04999923706055
1803,63.81999969482422
1804,60.939998626708984
1805,59.95000076293945
1806,57.810001373291016
1807,
1808,
1809,55.90999984741211
1810,55.93000030517578
1811,56.470001220703125
1812,54.11000061035156
1813,56.52000045776367
1814,
1815,
1816,55.2599983215332
1817,57.119998931884766
1818,55.84000015258789
1819,
1820,54.72999954223633
1821,
1822,
1823,53.61000061035156
1824,54.119998931884766
1825,53.27000045776367
1826,
1827,52.689998626708984
1828,
1829,
1830,50.040000915527344
1831,47.93000030517578
1832,48.650001525878906
1833,48.790000915527344
1834,48.36000061035156
1835,
1836,
1837,46.06999969482422
1838,45.88999938964844
1839,48.47999954223633
1840,46.25
1841,48.689998626708984
1842,
1843,
1844,
1845,46.38999938964844
1846,47.779998779296875
1847,46.310001373291016
1848,45.59000015258789
1849,
1850,
1851,45.150001525878906
1852,46.22999954223633
1853,44.45000076293945
1854,44.529998779296875
1855,48.2400016784668
1856,
1857,
1858,49.56999969482422
1859,53.04999923706055
1860,48.45000076293945
1861,50.47999954223633
1862,51.689998626708984
1863,
1864,
1865,52.86000061035156
1866,50.02000045776367
1867,48.84000015258789
1868,51.209999084472656
1869,52.779998779296875
1870,
1871,
1872,
1873,53.529998779296875
1874,52.13999938964844
1875,51.15999984741211
1876,50.34000015258789
1877,
1878,
1879,49.45000076293945
1880,49.279998779296875
1881,50.9900016784668
1882,48.16999816894531
1883,49.7599983215332
1884,
1885,
1886,49.59000015258789
1887,50.52000045776367
1888,51.529998779296875
1889,50.7599983215332
1890,49.61000061035156
1891,
1892,
1893,50.0
1894,48.290000915527344
1895,48.16999816894531
1896,47.04999923706055
1897,44.84000015258789
1898,
1899,
1900,43.880001068115234
1901,43.459999084472656
1902,44.65999984741211
1903,43.959999084472656
1904,45.720001220703125
1905,
1906,
1907,47.45000076293945
1908,47.5099983215332
1909,49.209999084472656
1910,51.43000030517578
1911,48.869998931884766
1912,
1913,
1914,48.68000030517578
1915,47.599998474121094
1916,50.09000015258789
1917,49.13999938964844
1918,
1919,
1920,
1921,52.13999938964844
1922,53.97999954223633
1923,50.41999816894531
1924,50.790000915527344
1925,51.63999938964844
1926,
1927,
1928,51.90999984741211
1929,53.290000915527344
1930,56.38999938964844
1931,56.709999084472656
1932,55.7400016784668
1933,
1934,
1935,56.380001068115234
1936,55.2599983215332
1937,56.15999984741211
1938,57.7400016784668
1939,57.150001525878906
1940,
1941,
1942,56.9900016784668
1943,57.060001373291016
1944,58.58000183105469
1945,59.630001068115234
1946,59.150001525878906
1947,
1948,
1949,58.93000030517578
1950,60.400001525878906
1951,60.93000030517578
1952,58.939998626708984
1953,59.38999938964844
1954,
1955,
1956,59.25
1957,60.75
1958,60.5
1959,59.880001068115234
1960,59.689998626708984
1961,
1962,
1963,59.43000030517578
1964,57.2599983215332
1965,58.97999954223633
1966,60.720001220703125
1967,59.720001220703125
1968,
1969,
1970,
1971,58.029998779296875
1972,57.5099983215332
1973,57.68000030517578
1974,60.29999923706055
1975,
1976,
1977,60.20000076293945
1978,61.2599983215332
1979,59.63999938964844
1980,58.0
1981,59.130001068115234
1982,
1983,
1984,58.13999938964844
1985,60.13999938964844
1986,61.43000030517578
1987,60.77000045776367
1988,59.959999084472656
1989,
1990,
1991,59.52000045776367
1992,59.970001220703125
1993,59.91999816894531
1994,60.45000076293945
1995,59.61000061035156
1996,
1997,
1998,59.68000030517578
1999,61.0099983215332
2000,60.27000045776367
2001,59.70000076293945
2002,59.630001068115234
2003,
2004,
2005,58.33000183105469
2006,59.470001220703125
2007,56.959999084472656
2008,56.93000030517578
2009,
2010,
2011,
2012,52.529998779296875
2013,52.33000183105469
2014,51.650001525878906
2015,52.779998779296875
2016,52.7400016784668
2017,
2018,
2019,52.20000076293945
2020,53.040000915527344
2021,51.40999984741211
2022,50.90999984741211
2023,50.88999938964844
2024,
2025,
2026,50.150001525878906
2027,50.36000061035156
2028,49.189998626708984
2029,48.45000076293945
2030,48.13999938964844
2031,
2032,
2033,47.38999938964844
2034,47.97999954223633
2035,48.790000915527344
2036,48.52000045776367
2037,47.119998931884766
2038,
2039,
2040,45.16999816894531
2041,45.7400016784668
2042,45.150001525878906
2043,44.65999984741211
2044,43.869998931884766
2045,
2046,
2047,44.959999084472656
2048,43.08000183105469
2049,43.29999923706055
2050,42.22999954223633
2051,42.5
2052,
2053,
2054,41.869998931884766
2055,42.619998931884766
2056,40.79999923706055
2057,41.13999938964844
2058,40.45000076293945
2059,
2060,
2061,38.2400016784668
2062,39.310001373291016
2063,38.599998474121094
2064,42.560001373291016
2065,45.220001220703125
2066,
2067,
2068,49.20000076293945
2069,45.40999984741211
2070,46.25
2071,46.75
2072,46.04999923706055
2073,
2074,
2075,
2076,45.939998626708984
2077,44.150001525878906
2078,45.91999816894531
2079,44.630001068115234
2080,
2081,
2082,44.0
2083,44.59000015258789
2084,47.150001525878906
2085,46.900001525878906
2086,44.68000030517578
2087,
2088,
2089,46.68000030517578
2090,45.83000183105469
2091,44.47999954223633
2092,44.90999984741211
2093,45.70000076293945
2094,
2095,
2096,44.43000030517578
2097,45.22999954223633
2098,45.09000015258789
2099,44.7400016784668
2100,45.540000915527344
2101,
2102,
2103,46.2599983215332
2104,48.529998779296875
2105,47.810001373291016
2106,49.43000030517578
2107,49.630001068115234
2108,
2109,
2110,47.099998474121094
2111,46.65999984741211
2112,46.63999938964844
2113,46.380001068115234
2114,47.2599983215332
2115,
2116,
2117,45.88999938964844
2118,45.54999923706055
2119,45.20000076293945
2120,45.380001068115234
2121,44.599998474121094
2122,
2123,
2124,43.97999954223633
2125,43.20000076293945
2126,45.939998626708984
2127,46.060001373291016
2128,46.59000015258789
2129,
2130,
2131,46.13999938964844
2132,47.900001525878906
2133,46.31999969482422
2134,45.20000076293945
2135,44.290000915527344
2136,
2137,
2138,43.869998931884766
2139,44.209999084472656
2140,42.93000030517578
2141,41.75
2142,40.7400016784668
2143,
2144,
2145,41.7400016784668
2146,40.66999816894531
2147,40.75
2148,40.540000915527344
2149,40.38999938964844
2150,
2151,
2152,41.75
2153,42.869998931884766
2154,43.040000915527344
2155,
2156,41.709999084472656
2157,
2158,
2159,41.650001525878906
2160,41.849998474121094
2161,39.939998626708984
2162,41.08000183105469
2163,39.970001220703125
2164,
2165,
2166,37.650001525878906
2167,37.5099983215332
2168,37.15999984741211
2169,36.7599983215332
2170,35.619998931884766
2171,
2172,
2173,36.310001373291016
2174,37.349998474121094
2175,35.52000045776367
2176,34.95000076293945
2177,34.72999954223633
2178,
2179,
2180,34.7400016784668
2181,36.13999938964844
2182,37.5
2183,38.099998474121094
2184,
2185,
2186,
2187,36.810001373291016
2188,37.869998931884766
2189,36.599998474121094
2190,37.040000915527344
2191,
2192,
2193,
2194,36.7599983215332
2195,35.970001220703125
2196,33.970001220703125
2197,33.27000045776367
2198,33.15999984741211
2199,
2200,
2201,31.40999984741211
2202,30.440000534057617
2203,30.479999542236328
2204,31.200000762939453
2205,29.420000076293945
2206,
2207,
2208,
2209,28.459999084472656
2210,26.549999237060547
2211,29.530000686645508
2212,32.189998626708984
2213,
2214,
2215,30.34000015258789
2216,31.450000762939453
2217,32.29999923706055
2218,33.220001220703125
2219,33.619998931884766
2220,
2221,
2222,31.6200008392334
2223,29.8799991607666
2224,32.279998779296875
2225,31.719999313354492
2226,30.889999389648438
2227,
2228,
2229,29.690000534057617
2230,27.940000534057617
2231,27.450000762939453
2232,26.209999084472656
2233,29.440000534057617
2234,
2235,
2236,
2237,29.040000915527344
2238,30.65999984741211
2239,30.770000457763672
2240,29.639999389648438
2241,
2242,
2243,31.479999542236328
2244,31.8700008392334
2245,32.150001525878906
2246,33.06999969482422
2247,32.779998779296875
2248,
2249,
2250,33.75
2251,34.400001525878906
2252,34.65999984741211
2253,34.56999969482422
2254,35.91999816894531
2255,
2256,
2257,37.900001525878906
2258,36.5
2259,38.290000915527344
2260,37.84000015258789
2261,38.5
2262,
2263,
2264,37.18000030517578
2265,36.34000015258789
2266,38.459999084472656
2267,40.20000076293945
2268,39.439998626708984
2269,
2270,
2271,39.90999984741211
2272,41.45000076293945
2273,39.790000915527344
2274,39.459999084472656
2275,
2276,
2277,
2278,39.38999938964844
2279,38.279998779296875
2280,38.31999969482422
2281,38.34000015258789
2282,36.790000915527344
2283,
2284,
2285,35.70000076293945
2286,35.88999938964844
2287,37.75
2288,37.2599983215332
2289,39.720001220703125
2290,
2291,
2292,40.36000061035156
2293,42.16999816894531
2294,41.7599983215332
2295,41.5
2296,40.36000061035156
2297,
2298,
2299,39.779998779296875
2300,41.08000183105469
2301,42.630001068115234
2302,43.18000030517578
2303,43.72999954223633
2304,
2305,
2306,42.63999938964844
2307,44.040000915527344
2308,45.33000183105469
2309,46.029998779296875
2310,45.91999816894531
2311,
2312,
2313,44.779998779296875
2314,43.650001525878906
2315,43.779998779296875
2316,44.31999969482422
2317,44.65999984741211
2318,
2319,
2320,43.439998626708984
2321,44.65999984741211
2322,46.22999954223633
2323,46.70000076293945
2324,46.209999084472656
2325,
2326,
2327,47.720001220703125
2328,48.310001373291016
2329,48.189998626708984
2330,48.15999984741211
2331,47.75
2332,
2333,
2334,48.08000183105469
2335,48.619998931884766
2336,49.560001373291016
2337,49.47999954223633
2338,49.33000183105469
2339,
2340,
2341,
2342,49.099998474121094
2343,49.0099983215332
2344,49.16999816894531
2345,48.619998931884766
2346,
2347,
2348,49.689998626708984
2349,50.36000061035156
2350,51.22999954223633
2351,50.560001373291016
2352,49.06999969482422
2353,
2354,
2355,48.880001068115234
2356,48.4900016784668
2357,48.0099983215332
2358,46.209999084472656
2359,47.97999954223633
2360,
2361,
2362,49.369998931884766
2363,48.849998474121094
2364,49.130001068115234
2365,50.11000061035156
2366,47.63999938964844
2367,
2368,
2369,46.33000183105469
2370,47.849998474121094
2371,49.880001068115234
2372,48.33000183105469
2373,48.9900016784668
2374,
2375,
2376,
2377,46.599998474121094
2378,47.43000030517578
2379,45.13999938964844
2380,45.40999984741211
2381,
2382,
2383,44.7599983215332
2384,46.79999923706055
2385,44.75
2386,45.68000030517578
2387,45.95000076293945
2388,
2389,
2390,45.2400016784668
2391,44.650001525878906
2392,44.939998626708984
2393,44.75
2394,44.189998626708984
2395,
2396,
2397,43.130001068115234
2398,42.91999816894531
2399,41.91999816894531
2400,41.13999938964844
2401,41.599998474121094
2402,
2403,
2404,40.060001373291016
2405,39.5099983215332
2406,40.83000183105469
2407,41.93000030517578
2408,41.79999923706055
2409,
2410,
2411,43.02000045776367
2412,42.77000045776367
2413,41.709999084472656
2414,43.4900016784668
2415,44.4900016784668
2416,
2417,
2418,45.7400016784668
2419,46.58000183105469
2420,46.790000915527344
2421,48.220001220703125
2422,48.52000045776367
2423,
2424,
2425,47.04999923706055
2426,48.099998474121094
2427,46.77000045776367
2428,47.33000183105469
2429,47.63999938964844
2430,
2431,
2432,46.97999954223633
2433,46.349998474121094
2434,44.70000076293945
2435,43.15999984741211
2436,44.439998626708984
2437,
2438,
2439,
2440,44.83000183105469
2441,45.5
2442,47.619998931884766
2443,45.880001068115234
2444,
2445,
2446,46.290000915527344
2447,44.900001525878906
2448,43.58000183105469
2449,43.90999984741211
2450,43.029998779296875
2451,
2452,
2453,43.29999923706055
2454,43.439998626708984
2455,45.34000015258789
2456,46.31999969482422
2457,44.47999954223633
2458,
2459,
2460,45.93000030517578
2461,44.66999816894531
2462,47.04999923706055
2463,47.83000183105469
2464,48.2400016784668
2465,
2466,
2467,48.810001373291016
2468,48.689998626708984
2469,49.83000183105469
2470,50.439998626708984
2471,49.810001373291016
2472,
2473,
2474,
2475,50.790000915527344
2476,50.18000030517578
2477,50.439998626708984
2478,50.349998474121094
2479,
2480,
2481,49.939998626708984
2482,50.290000915527344
2483,51.599998474121094
2484,50.43000030517578
2485,50.849998474121094
2486,
2487,
2488,50.52000045776367
2489,49.959999084472656
2490,49.18000030517578
2491,49.720001220703125
2492,48.70000076293945
2493,
2494,
2495,46.86000061035156
2496,46.66999816894531
2497,45.34000015258789
2498,44.65999984741211
2499,44.06999969482422
2500,
2501,
2502,44.88999938964844
2503,44.97999954223633
2504,45.27000045776367
2505,44.65999984741211
2506,
2507,
2508,
2509,43.31999969482422
2510,45.810001373291016
2511,45.56999969482422
2512,45.41999816894531
2513,45.689998626708984
2514,
2515,
2516,47.4900016784668
2517,48.029998779296875
2518,47.959999084472656
2519,
2520,46.060001373291016
2521,
2522,
2523,47.08000183105469
2524,45.22999954223633
2525,49.439998626708984
2526,51.060001373291016
2527,51.68000030517578
2528,
2529,
2530,51.790000915527344
2531,50.93000030517578
2532,49.77000045776367
2533,50.84000015258789
2534,51.5
2535,
2536,
2537,52.83000183105469
2538,52.97999954223633
2539,51.040000915527344
2540,50.900001525878906
2541,51.900001525878906
2542,
2543,
2544,52.119998931884766
2545,52.22999954223633
2546,52.4900016784668
2547,52.95000076293945
2548,53.02000045776367
2549,
2550,
2551,
2552,53.900001525878906
2553,54.060001373291016
2554,53.77000045776367
2555,53.720001220703125
2556,
2557,
2558,
2559,52.33000183105469
2560,53.2599983215332
2561,53.7599983215332
2562,53.9900016784668
2563,
2564,
2565,51.959999084472656
2566,50.81999969482422
2567,52.25
2568,53.0099983215332
2569,52.369998931884766
2570,
2571,
2572,
2573,52.47999954223633
2574,51.08000183105469
2575,51.369998931884766
2576,52.41999816894531
2577,
2578,
2579,52.75
2580,53.18000030517578
2581,52.75
2582,53.779998779296875
2583,53.16999816894531
2584,
2585,
2586,52.630001068115234
2587,52.810001373291016
2588,53.880001068115234
2589,53.540000915527344
2590,53.83000183105469
2591,
2592,
2593,53.0099983215332
2594,52.16999816894531
2595,52.34000015258789
2596,53.0
2597,53.86000061035156
2598,
2599,
2600,52.93000030517578
2601,53.20000076293945
2602,53.11000061035156
2603,53.36000061035156
2604,53.400001525878906
2605,
2606,
2607,
2608,54.060001373291016
2609,53.59000015258789
2610,54.45000076293945
2611,53.9900016784668
2612,
2613,
2614,54.04999923706055
2615,54.0099983215332
2616,53.83000183105469
2617,52.61000061035156
2618,53.33000183105469
2619,
2620,
2621,53.20000076293945
2622,53.13999938964844
2623,50.279998779296875
2624,49.279998779296875
2625,48.4900016784668
2626,
2627,
2628,48.400001525878906
2629,47.720001220703125
2630,48.86000061035156
2631,48.75
2632,48.779998779296875
2633,
2634,
2635,48.220001220703125
2636,47.34000015258789
2637,48.040000915527344
2638,47.70000076293945
2639,47.970001220703125
2640,
2641,
2642,47.72999954223633
2643,48.369998931884766
2644,49.5099983215332
2645,50.349998474121094
2646,50.599998474121094
2647,
2648,
2649,50.2400016784668
2650,51.029998779296875
2651,51.150001525878906
2652,51.70000076293945
2653,52.2400016784668
2654,
2655,
2656,53.08000183105469
2657,53.400001525878906
2658,53.11000061035156
2659,53.18000030517578
2660,
2661,
2662,
2663,52.650001525878906
2664,52.40999984741211
2665,50.439998626708984
2666,50.27000045776367
2667,49.619998931884766
2668,
2669,
2670,49.22999954223633
2671,49.560001373291016
2672,49.619998931884766
2673,48.970001220703125
2674,49.33000183105469
2675,
2676,
2677,48.84000015258789
2678,47.65999984741211
2679,47.81999969482422
2680,45.52000045776367
2681,46.220001220703125
2682,
2683,
2684,46.43000030517578
2685,45.880001068115234
2686,47.33000183105469
2687,47.83000183105469
2688,47.84000015258789
2689,
2690,
2691,48.849998474121094
2692,48.65999984741211
2693,49.06999969482422
2694,49.349998474121094
2695,50.33000183105469
2696,
2697,
2698,50.72999954223633
2699,51.470001220703125
2700,51.36000061035156
2701,48.900001525878906
2702,49.79999923706055
2703,
2704,
2705,
2706,49.65999984741211
2707,48.31999969482422
2708,48.36000061035156
2709,47.65999984741211
2710,
2711,
2712,47.400001525878906
2713,48.189998626708984
2714,45.720001220703125
2715,45.63999938964844
2716,45.83000183105469
2717,
2718,
2719,46.08000183105469
2720,46.459999084472656
2721,44.72999954223633
2722,44.459999084472656
2723,44.7400016784668
2724,
2725,
2726,44.20000076293945
2727,43.22999954223633
2728,42.529998779296875
2729,42.7400016784668
2730,43.0099983215332
2731,
2732,
2733,43.380001068115234
2734,44.2400016784668
2735,44.7400016784668
2736,44.93000030517578
2737,46.040000915527344
2738,
2739,
2740,47.06999969482422
2741,
2742,45.130001068115234
2743,45.52000045776367
2744,44.22999954223633
2745,
2746,
2747,44.400001525878906
2748,45.040000915527344
2749,45.4900016784668
2750,46.08000183105469
2751,46.540000915527344
2752,
2753,
2754,46.02000045776367
2755,46.400001525878906
2756,47.119998931884766
2757,46.790000915527344
2758,45.77000045776367
2759,
2760,
2761,46.34000015258789
2762,47.88999938964844
2763,48.75
2764,49.040000915527344
2765,49.709999084472656
2766,
2767,
2768,50.16999816894531
2769,49.15999984741211
2770,49.59000015258789
2771,49.029998779296875
2772,49.58000183105469
2773,
2774,
2775,49.38999938964844
2776,49.16999816894531
2777,49.560001373291016
2778,48.59000015258789
2779,48.81999969482422
2780,
2781,
2782,47.59000015258789
2783,47.54999923706055
2784,46.779998779296875
2785,47.09000015258789
2786,48.5099983215332
2787,
2788,
2789,47.369998931884766
2790,47.63999938964844
2791,48.40999984741211
2792,47.43000030517578
2793,47.869998931884766
2794,
2795,
2796,46.56999969482422
2797,46.439998626708984
2798,45.959999084472656
2799,47.22999954223633
2800,47.290000915527344
2801,
2802,
2803,
2804,48.65999984741211
2805,49.15999984741211
2806,49.09000015258789
2807,47.47999954223633
2808,
2809,
2810,48.06999969482422
2811,48.22999954223633
2812,49.29999923706055
2813,49.88999938964844
2814,49.88999938964844
2815,
2816,
2817,49.90999984741211
2818,49.47999954223633
2819,50.40999984741211
2820,50.54999923706055
2821,50.65999984741211
2822,
2823,
2824,52.220001220703125
2825,51.880001068115234
2826,52.13999938964844
2827,51.560001373291016
2828,51.66999816894531
2829,
2830,
2831,50.58000183105469
2832,50.41999816894531
2833,49.97999954223633
2834,50.790000915527344
2835,49.290000915527344
2836,
2837,
2838,49.58000183105469
2839,50.91999816894531
2840,51.29999923706055
2841,50.599998474121094
2842,51.45000076293945
2843,
2844,
2845,51.869998931884766
2846,51.880001068115234
2847,52.040000915527344
2848,51.290000915527344
2849,51.470001220703125
2850,
2851,
2852,51.900001525878906
2853,52.470001220703125
2854,52.18000030517578
2855,52.63999938964844
2856,53.900001525878906
2857,
2858,
2859,54.150001525878906
2860,54.380001068115234
2861,54.29999923706055
2862,54.540000915527344
2863,55.63999938964844
2864,
2865,
2866,57.349998474121094
2867,57.20000076293945
2868,56.810001373291016
2869,57.16999816894531
2870,56.7400016784668
2871,
2872,
2873,56.7599983215332
2874,55.70000076293945
2875,55.33000183105469
2876,55.13999938964844
2877,56.54999923706055
2878,
2879,
2880,56.09000015258789
2881,56.83000183105469
2882,58.02000045776367
2883,
2884,58.95000076293945
2885,
2886,
2887,58.11000061035156
2888,57.9900016784668
2889,57.29999923706055
2890,57.400001525878906
2891,58.36000061035156
2892,
2893,
2894,57.470001220703125
2895,57.619998931884766
2896,55.959999084472656
2897,56.689998626708984
2898,57.36000061035156
2899,
2900,
2901,57.9900016784668
2902,57.13999938964844
2903,56.599998474121094
2904,57.040000915527344
2905,57.29999923706055
2906,
2907,
2908,57.15999984741211
2909,57.459999084472656
2910,58.09000015258789
2911,58.36000061035156
2912,58.470001220703125
2913,
2914,
2915,
2916,59.970001220703125
2917,59.63999938964844
2918,59.84000015258789
2919,60.41999816894531
2920,
2921,
2922,
2923,60.369998931884766
2924,61.630001068115234
2925,62.0099983215332
2926,61.439998626708984
2927,
2928,
2929,61.72999954223633
2930,62.959999084472656
2931,63.56999969482422
2932,63.79999923706055
2933,64.30000305175781
2934,
2935,
2936,
2937,63.72999954223633
2938,63.970001220703125
2939,63.95000076293945
2940,63.369998931884766
2941,
2942,
2943,63.4900016784668
2944,64.47000122070312
2945,65.61000061035156
2946,65.51000213623047
2947,66.13999938964844
2948,
2949,
2950,65.55999755859375
2951,64.5
2952,64.7300033569336
2953,65.80000305175781
2954,65.44999694824219
2955,
2956,
2957,64.1500015258789
2958,63.38999938964844
2959,61.790000915527344
2960,61.150001525878906
2961,59.20000076293945
2962,
2963,
2964,59.290000915527344
2965,59.189998626708984
2966,60.599998474121094
2967,61.34000015258789
2968,61.68000030517578
2969,
2970,
2971,
2972,61.900001525878906
2973,61.68000030517578
2974,62.77000045776367
2975,63.54999923706055
2976,
2977,
2978,63.90999984741211
2979,63.0099983215332
2980,61.63999938964844
2981,60.9900016784668
2982,61.25
2983,
2984,
2985,62.56999969482422
2986,62.599998474121094
2987,61.150001525878906
2988,60.119998931884766
2989,62.040000915527344
2990,
2991,
2992,61.36000061035156
2993,60.709999084472656
2994,60.959999084472656
2995,61.189998626708984
2996,62.34000015258789
2997,
2998,
2999,62.060001373291016
3000,63.400001525878906
3001,65.16999816894531
3002,64.30000305175781
3003,65.87999725341797
3004,
3005,
3006,65.55000305175781
3007,65.25
3008,64.37999725341797
3009,64.94000244140625
3010,
3011,
3012,
3013,63.0099983215332
3014,63.5099983215332
3015,63.369998931884766
3016,63.540000915527344
3017,62.060001373291016
3018,
3019,
3020,63.41999816894531
3021,65.51000213623047
3022,66.81999969482422
3023,67.06999969482422
3024,67.38999938964844
3025,
3026,
3027,66.22000122070312
3028,66.5199966430664
3029,68.47000122070312
3030,68.29000091552734
3031,68.37999725341797
3032,
3033,
3034,68.63999938964844
3035,67.69999694824219
3036,68.05000305175781
3037,68.19000244140625
3038,68.0999984741211
3039,
3040,
3041,68.56999969482422
3042,67.25
3043,67.93000030517578
3044,68.43000030517578
3045,69.72000122070312
3046,
3047,
3048,70.7300033569336
3049,69.05999755859375
3050,71.13999938964844
3051,71.36000061035156
3052,70.69999694824219
3053,
3054,
3055,70.95999908447266
3056,71.30999755859375
3057,71.48999786376953
3058,71.48999786376953
3059,71.27999877929688
3060,
3061,
3062,72.23999786376953
3063,72.12999725341797
3064,71.83999633789062
3065,70.70999908447266
3066,67.87999725341797
3067,
3068,
3069,
3070,66.7300033569336
3071,68.20999908447266
3072,67.04000091552734
3073,65.80999755859375
3074,
3075,
3076,64.75
3077,65.5199966430664
3078,64.7300033569336
3079,65.94999694824219
3080,65.73999786376953
3081,
3082,
3083,66.0999984741211
3084,66.36000061035156
3085,66.63999938964844
3086,66.88999938964844
3087,65.05999755859375
3088,
3089,
3090,65.8499984741211
3091,65.06999969482422
3092,66.22000122070312
3093,65.54000091552734
3094,68.58000183105469
3095,
3096,
3097,68.08000183105469
3098,70.52999877929688
3099,72.76000213623047
3100,73.44999694824219
3101,74.1500015258789
3102,
3103,
3104,73.94000244140625
3105,74.13999938964844
3106,
3107,72.94000244140625
3108,73.80000305175781
3109,
3110,
3111,73.8499984741211
3112,74.11000061035156
3113,70.37999725341797
3114,70.33000183105469
3115,71.01000213623047
3116,
3117,
3118,68.05999755859375
3119,68.08000183105469
3120,68.76000213623047
3121,69.45999908447266
3122,70.45999908447266
3123,
3124,
3125,67.88999938964844
3126,68.5199966430664
3127,69.30000305175781
3128,69.61000061035156
3129,68.69000244140625
3130,
3131,
3132,70.12999725341797
3133,68.76000213623047
3134,67.66000366210938
3135,68.95999908447266
3136,68.48999786376953
3137,
3138,
3139,69.01000213623047
3140,69.16999816894531
3141,66.94000244140625
3142,66.80999755859375
3143,67.62999725341797
3144,
3145,
3146,67.19999694824219
3147,67.04000091552734
3148,65.01000213623047
3149,65.45999908447266
3150,65.91000366210938
3151,
3152,
3153,66.43000030517578
3154,67.3499984741211
3155,67.86000061035156
3156,67.83000183105469
3157,68.72000122070312
3158,
3159,
3160,68.87000274658203
3161,68.52999877929688
3162,69.51000213623047
3163,70.25
3164,69.80000305175781
3165,
3166,
3167,
3168,69.87000274658203
3169,68.72000122070312
3170,67.7699966430664
3171,67.75
3172,
3173,
3174,67.54000091552734
3175,69.25
3176,70.37000274658203
3177,68.58999633789062
3178,68.98999786376953
3179,
3180,
3181,68.91000366210938
3182,69.8499984741211
3183,71.12000274658203
3184,70.80000305175781
3185,70.77999877929688
3186,
3187,
3188,72.08000183105469
3189,72.27999877929688
3190,71.56999969482422
3191,72.12000274658203
3192,73.25
3193,
3194,
3195,75.30000305175781
3196,75.2300033569336
3197,76.41000366210938
3198,74.33000183105469
3199,74.33999633789062
3200,
3201,
3202,74.29000091552734
3203,74.95999908447266
3204,73.16999816894531
3205,70.97000122070312
3206,71.33999633789062
3207,
3208,
3209,71.77999877929688
3210,71.91999816894531
3211,69.75
3212,68.6500015258789
3213,69.12000274658203
3214,
3215,
3216,69.16999816894531
3217,66.43000030517578
3218,66.81999969482422
3219,67.33000183105469
3220,67.58999633789062
3221,
3222,
3223,67.04000091552734
3224,66.18000030517578
3225,65.30999755859375
3226,63.689998626708984
3227,63.13999938964844
3228,
3229,
3230,63.099998474121094
3231,62.209999084472656
3232,61.66999816894531
3233,60.66999816894531
3234,60.189998626708984
3235,
3236,
3237,59.93000030517578
3238,55.689998626708984
3239,56.25
3240,56.459999084472656
3241,56.459999084472656
3242,
3243,
3244,56.7599983215332
3245,53.43000030517578
3246,54.630001068115234
3247,
3248,50.41999816894531
3249,
3250,
3251,51.630001068115234
3252,51.560001373291016
3253,50.290000915527344
3254,51.45000076293945
3255,50.93000030517578
3256,
3257,
3258,52.95000076293945
3259,53.25
3260,
3261,51.4900016784668
3262,52.61000061035156
3263,
3264,
3265,51.0
3266,51.650001525878906
3267,51.150001525878906
3268,52.58000183105469
3269,51.20000076293945
3270,
3271,
3272,49.880001068115234
3273,46.2400016784668
3274,47.20000076293945
3275,45.880001068115234
3276,45.59000015258789
3277,
3278,
3279,42.529998779296875
3280,
3281,46.220001220703125
3282,44.61000061035156
3283,45.33000183105469
3284,
3285,
3286,45.40999984741211
3287,
3288,46.540000915527344
3289,47.09000015258789
3290,47.959999084472656
3291,
3292,
3293,48.52000045776367
3294,49.779998779296875
3295,52.36000061035156
3296,52.59000015258789
3297,51.59000015258789
3298,
3299,
3300,50.5099983215332
3301,52.11000061035156
3302,52.310001373291016
3303,52.06999969482422
3304,53.79999923706055
3305,
3306,
3307,
3308,52.56999969482422
3309,52.619998931884766
3310,53.130001068115234
3311,53.689998626708984
3312,
3313,
3314,51.9900016784668
3315,53.310001373291016
3316,54.22999954223633
3317,53.790000915527344
3318,55.2599983215332
3319,
3320,
3321,54.560001373291016
3322,53.65999984741211
3323,54.0099983215332
3324,52.63999938964844
3325,52.720001220703125
3326,
3327,
3328,52.40999984741211
3329,53.099998474121094
3330,53.900001525878906
3331,54.40999984741211
3332,55.59000015258789
3333,
3334,
3335,
3336,56.09000015258789
3337,56.91999816894531
3338,56.959999084472656
3339,57.2599983215332
3340,
3341,
3342,55.47999954223633
3343,55.5
3344,56.939998626708984
3345,57.220001220703125
3346,55.79999923706055
3347,
3348,
3349,56.59000015258789
3350,56.560001373291016
3351,56.220001220703125
3352,56.65999984741211
3353,56.06999969482422
3354,
3355,
3356,56.790000915527344
3357,56.869998931884766
3358,58.2599983215332
3359,58.61000061035156
3360,58.52000045776367
3361,
3362,
3363,59.09000015258789
3364,59.029998779296875
3365,59.83000183105469
3366,59.97999954223633
3367,59.040000915527344
3368,
3369,
3370,58.81999969482422
3371,59.939998626708984
3372,59.40999984741211
3373,59.29999923706055
3374,60.13999938964844
3375,
3376,
3377,61.59000015258789
3378,62.58000183105469
3379,62.459999084472656
3380,62.099998474121094
3381,63.08000183105469
3382,
3383,
3384,64.4000015258789
3385,63.97999954223633
3386,64.61000061035156
3387,63.58000183105469
3388,63.88999938964844
3389,
3390,
3391,63.400001525878906
3392,64.05000305175781
3393,63.7599983215332
3394,64.0
3395,
3396,
3397,
3398,65.69999694824219
3399,66.30000305175781
3400,65.88999938964844
3401,65.20999908447266
3402,63.29999923706055
3403,
3404,
3405,63.5
3406,63.90999984741211
3407,63.599998474121094
3408,61.810001373291016
3409,61.939998626708984
3410,
3411,
3412,62.25
3413,61.400001525878906
3414,62.119998931884766
3415,61.70000076293945
3416,61.65999984741211
3417,
3418,
3419,61.040000915527344
3420,61.779998779296875
3421,62.02000045776367
3422,62.869998931884766
3423,62.7599983215332
3424,
3425,
3426,63.099998474121094
3427,62.9900016784668
3428,61.41999816894531
3429,57.90999984741211
3430,58.630001068115234
3431,
3432,
3433,
3434,59.13999938964844
3435,58.810001373291016
3436,56.59000015258789
3437,53.5
3438,
3439,
3440,53.25
3441,53.47999954223633
3442,51.68000030517578
3443,52.59000015258789
3444,53.9900016784668
3445,
3446,
3447,53.2599983215332
3448,53.27000045776367
3449,51.13999938964844
3450,52.279998779296875
3451,52.5099983215332
3452,
3453,
3454,51.93000030517578
3455,53.900001525878906
3456,53.7599983215332
3457,56.650001525878906
3458,57.43000030517578
3459,
3460,
3461,57.900001525878906
3462,57.83000183105469
3463,59.380001068115234
3464,59.43000030517578
3465,58.470001220703125
3466,
3467,
3468,59.09000015258789
3469,56.25
3470,57.34000015258789
3471,
3472,57.5099983215332
3473,
3474,
3475,57.65999984741211
3476,57.83000183105469
3477,60.43000030517578
3478,60.20000076293945
3479,60.209999084472656
3480,
3481,
3482,59.58000183105469
3483,57.619998931884766
3484,56.779998779296875
3485,55.29999923706055
3486,55.630001068115234
3487,
3488,
3489,56.220001220703125
3490,56.77000045776367
3491,55.880001068115234
3492,56.02000045776367
3493,56.20000076293945
3494,
3495,
3496,56.869998931884766
3497,58.04999923706055
3498,58.58000183105469
3499,53.95000076293945
3500,55.65999984741211
3501,
3502,
3503,54.689998626708984
3504,53.630001068115234
3505,51.09000015258789
3506,52.540000915527344
3507,54.5
3508,
3509,
3510,54.93000030517578
3511,57.099998474121094
3512,55.22999954223633
3513,54.470001220703125
3514,54.869998931884766
3515,
3516,
3517,56.209999084472656
3518,56.34000015258789
3519,55.68000030517578
3520,55.349998474121094
3521,54.16999816894531
3522,
3523,
3524,53.63999938964844
3525,54.93000030517578
3526,55.779998779296875
3527,56.709999084472656
3528,55.099998474121094
3529,
3530,
3531,
3532,53.939998626708984
3533,56.2599983215332
3534,56.29999923706055
3535,56.52000045776367
3536,
3537,
3538,57.849998474121094
3539,57.400001525878906
3540,55.75
3541,55.09000015258789
3542,54.849998474121094
3543,
3544,
3545,62.900001525878906
3546,59.34000015258789
3547,58.11000061035156
3548,58.130001068115234
3549,58.09000015258789
3550,
3551,
3552,58.63999938964844
3553,57.290000915527344
3554,56.4900016784668
3555,56.40999984741211
3556,55.90999984741211
3557,
3558,
3559,54.06999969482422
3560,53.619998931884766
3561,52.63999938964844
3562,52.45000076293945
3563,52.810001373291016
3564,
3565,
3566,52.75
3567,52.630001068115234
3568,52.59000015258789
3569,53.54999923706055
3570,54.70000076293945
3571,
3572,
3573,53.59000015258789
3574,52.810001373291016
3575,53.36000061035156
3576,53.93000030517578
3577,53.779998779296875
3578,
3579,
3580,53.310001373291016
3581,54.15999984741211
3582,55.970001220703125
3583,56.22999954223633
3584,56.65999984741211
3585,
3586,
3587,55.810001373291016
3588,55.540000915527344
3589,55.060001373291016
3590,54.18000030517578
3591,56.20000076293945
3592,
3593,
3594,56.540000915527344
3595,57.22999954223633
3596,56.349998474121094
3597,57.150001525878906
3598,57.2400016784668
3599,
3600,
3601,56.86000061035156
3602,56.79999923706055
3603,57.119998931884766
3604,56.77000045776367
3605,57.720001220703125
3606,
3607,
3608,57.04999923706055
3609,55.209999084472656
3610,57.11000061035156
3611,58.58000183105469
3612,57.77000045776367
3613,
3614,
3615,58.0099983215332
3616,58.40999984741211
3617,58.11000061035156
3618,
3619,55.16999816894531
3620,
3621,
3622,55.959999084472656
3623,56.099998474121094
3624,58.43000030517578
3625,58.43000030517578
3626,59.20000076293945
3627,
3628,
3629,59.02000045776367
3630,59.2400016784668
3631,58.7599983215332
3632,59.18000030517578
3633,60.06999969482422
3634,
3635,
3636,60.209999084472656
3637,60.939998626708984
3638,60.93000030517578
3639,61.220001220703125
3640,60.439998626708984
3641,
3642,
3643,60.52000045776367
3644,61.11000061035156
3645,
3646,61.68000030517578
3647,61.720001220703125
3648,
3649,
3650,61.68000030517578
3651,61.060001373291016
3652,
3653,61.18000030517578
3654,63.04999923706055
3655,
3656,
3657,63.27000045776367
3658,62.70000076293945
3659,59.61000061035156
3660,59.560001373291016
3661,59.040000915527344
3662,
3663,
3664,58.08000183105469
3665,58.22999954223633
3666,57.810001373291016
3667,58.52000045776367
3668,58.540000915527344
3669,
3670,
3671,
3672,58.34000015258789
3673,56.7400016784668
3674,55.59000015258789
3675,54.189998626708984
3676,
3677,
3678,53.13999938964844
3679,53.47999954223633
3680,53.33000183105469
3681,52.13999938964844
3682,51.560001373291016
3683,
3684,
3685,50.11000061035156
3686,49.61000061035156
3687,50.75
3688,50.95000076293945
3689,50.31999969482422
3690,
3691,
3692,49.56999969482422
3693,49.939998626708984
3694,51.16999816894531
3695,51.41999816894531
3696,52.04999923706055
3697,
3698,
3699,
3700,52.04999923706055
3701,53.290000915527344
3702,53.779998779296875
3703,53.380001068115234
3704,
3705,
3706,51.43000030517578
3707,49.900001525878906
3708,48.72999954223633
3709,47.09000015258789
3710,44.7599983215332
3711,
3712,
3713,46.75
3714,47.18000030517578
3715,46.779998779296875
3716,45.900001525878906
3717,41.279998779296875
3718,
3719,
3720,31.1299991607666
3721,34.36000061035156
3722,32.97999954223633
3723,31.5
3724,31.729999542236328
3725,
3726,
3727,28.700000762939453
3728,26.950000762939453
3729,20.3700008392334
3730,25.219999313354492
3731,22.43000030517578
3732,
3733,
3734,23.360000610351562
3735,24.010000228881836
3736,24.489999771118164
3737,22.600000381469727
3738,21.510000228881836
3739,
3740,
3741,20.09000015258789
3742,20.479999542236328
3743,20.309999465942383
3744,25.31999969482422
3745,28.34000015258789
3746,
3747,
3748,26.079999923706055
3749,23.6299991607666
3750,25.09000015258789
3751,22.760000228881836
3752,
3753,
3754,
3755,22.40999984741211
3756,20.110000610351562
3757,19.8700008392334
3758,19.8700008392334
3759,18.270000457763672
3760,
3761,
3762,-37.630001068115234
3763,10.010000228881836
3764,13.779999732971191
3765,16.5
3766,16.940000534057617
3767,
3768,
3769,12.779999732971191
3770,12.34000015258789
3771,15.0600004196167
3772,18.84000015258789
3773,19.780000686645508
3774,
3775,
3776,20.389999389648438
3777,24.559999465942383
3778,23.989999771118164
3779,23.549999237060547
3780,24.739999771118164
3781,
3782,
3783,24.139999389648438
3784,25.780000686645508
3785,25.290000915527344
3786,27.559999465942383
3787,29.43000030517578
3788,
3789,
3790,31.81999969482422
3791,32.5
3792,33.4900016784668
3793,33.91999816894531
3794,33.25
3795,
3796,
3797,
3798,34.349998474121094
3799,32.810001373291016
3800,33.709999084472656
3801,35.4900016784668
3802,
3803,
3804,35.439998626708984
3805,36.810001373291016
3806,37.290000915527344
3807,37.40999984741211
3808,39.54999923706055
3809,
3810,
3811,38.189998626708984
3812,38.939998626708984
3813,39.599998474121094
3814,36.34000015258789
3815,36.2599983215332
3816,
3817,
3818,37.119998931884766
3819,38.380001068115234
3820,37.959999084472656
3821,38.84000015258789
3822,39.75
3823,
3824,
3825,40.459999084472656
3826,40.369998931884766
3827,38.0099983215332
3828,38.720001220703125
3829,38.4900016784668
3830,
3831,
3832,39.70000076293945
3833,39.27000045776367
3834,39.81999969482422
3835,40.650001525878906
3836,
3837,
3838,
3839,40.630001068115234
3840,40.619998931884766
3841,40.900001525878906
3842,39.619998931884766
3843,40.54999923706055
3844,
3845,
3846,40.099998474121094
3847,40.290000915527344
3848,41.20000076293945
3849,40.75
3850,40.59000015258789
3851,
3852,
3853,40.810001373291016
3854,41.959999084472656
3855,41.900001525878906
3856,41.06999969482422
3857,41.290000915527344
3858,
3859,
3860,41.599998474121094
3861,41.040000915527344
3862,41.27000045776367
3863,39.91999816894531
3864,40.27000045776367
3865,
3866,
3867,41.0099983215332
3868,41.70000076293945
3869,42.189998626708984
3870,41.95000076293945
3871,41.220001220703125
3872,
3873,
3874,41.939998626708984
3875,41.61000061035156
3876,42.66999816894531
3877,42.2400016784668
3878,42.0099983215332
3879,
3880,
3881,42.88999938964844
3882,42.88999938964844
3883,42.93000030517578
3884,42.58000183105469
3885,42.34000015258789
3886,
3887,
3888,42.619998931884766
3889,43.349998474121094
3890,43.38999938964844
3891,43.040000915527344
3892,42.970001220703125
3893,
3894,
3895,42.61000061035156
3896,42.7599983215332
3897,41.5099983215332
3898,41.369998931884766
3899,39.77000045776367
3900,
3901,
3902,
3903,36.7599983215332
3904,38.04999923706055
3905,37.29999923706055
3906,37.33000183105469
3907,
3908,
3909,37.2599983215332
3910,38.279998779296875
3911,40.15999984741211
3912,40.970001220703125
3913,41.11000061035156
3914,
3915,
3916,39.310001373291016
3917,39.599998474121094
3918,39.93000030517578
3919,40.310001373291016
3920,40.25
3921,
3922,
3923,40.599998474121094
3924,39.290000915527344
3925,40.220001220703125
3926,38.720001220703125
3927,37.04999923706055
3928,
3929,
3930,39.220001220703125
3931,40.66999816894531
3932,39.95000076293945
3933,41.189998626708984
3934,40.599998474121094
3935,
3936,
3937,39.43000030517578
3938,40.20000076293945
3939,41.040000915527344
3940,40.959999084472656
3941,40.880001068115234
3942,
3943,
3944,40.83000183105469
3945,41.459999084472656
3946,40.029998779296875
3947,40.63999938964844
3948,39.849998474121094
3949,
3950,
3951,38.560001373291016
3952,39.56999969482422
3953,37.38999938964844
3954,36.16999816894531
3955,35.790000915527344
3956,
3957,
3958,36.810001373291016
3959,37.65999984741211
3960,39.150001525878906
3961,38.790000915527344
3962,37.13999938964844
3963,
3964,
3965,40.290000915527344
3966,41.36000061035156
3967,41.45000076293945
3968,41.119998931884766
3969,40.130001068115234
3970,
3971,
3972,41.34000015258789
3973,41.43000030517578
3974,41.81999969482422
3975,41.7400016784668
3976,42.150001525878906
3977,
3978,
3979,43.060001373291016
3980,44.90999984741211
3981,45.709999084472656
3982,
3983,45.529998779296875
3984,
3985,
3986,45.34000015258789
3987,44.54999923706055
3988,45.279998779296875
3989,45.63999938964844
3990,46.2599983215332
3991,
3992,
3993,45.7599983215332
3994,45.599998474121094
3995,45.52000045776367
3996,46.779998779296875
3997,46.56999969482422
3998,
3999,
4000,46.9900016784668
4001,47.619998931884766
4002,47.81999969482422
4003,48.36000061035156
4004,49.099998474121094
4005,
4006,
4007,47.7400016784668
4008,47.02000045776367
4009,48.119998931884766
4010,48.22999954223633
4011,
4012,
4013,
4014,47.619998931884766
4015,48.0
4016,48.400001525878906
4017,48.52000045776367
4018,
4019,
4020,
4021,47.619998931884766
4022,49.93000030517578
4023,50.630001068115234
4024,50.83000183105469
4025,52.2400016784668
4026,
4027,
4028,52.25
4029,53.209999084472656
4030,52.90999984741211
4031,53.56999969482422
4032,52.36000061035156
4033,
4034,
4035,
4036,52.97999954223633
4037,53.2400016784668
4038,53.130001068115234
4039,52.27000045776367
4040,
4041,
4042,52.77000045776367
4043,52.61000061035156
4044,52.849998474121094
4045,52.34000015258789
4046,52.20000076293945
4047,
4048,
4049,53.54999923706055
4050,54.7599983215332
4051,55.689998626708984
4052,56.22999954223633
4053,56.849998474121094
4054,
4055,
4056,57.970001220703125
4057,58.36000061035156
4058,58.68000030517578
4059,58.2400016784668
4060,59.470001220703125
4061,
4062,
4063,
4064,60.04999923706055
4065,61.13999938964844
4066,60.52000045776367
4067,59.2400016784668
4068,
4069,
4070,61.4900016784668
4071,61.66999816894531
4072,63.220001220703125
4073,63.529998779296875
4074,61.5
4075,
4076,
4077,60.63999938964844
4078,59.75
4079,61.279998779296875
4080,63.83000183105469
4081,66.08999633789062
4082,
4083,
4084,65.05000305175781
4085,64.01000213623047
4086,64.44000244140625
4087,66.0199966430664
4088,65.61000061035156
4089,
4090,
4091,65.38999938964844
4092,64.80000305175781
4093,64.5999984741211
4094,60.0
4095,61.41999816894531
4096,
4097,
4098,61.54999923706055
4099,57.7599983215332
4100,61.18000030517578
4101,58.560001373291016
4102,60.970001220703125
4103,
4104,
4105,61.560001373291016
4106,60.54999923706055
4107,59.15999984741211
4108,61.45000076293945
4109,
4110,
4111,
4112,58.650001525878906
4113,59.33000183105469
4114,59.77000045776367
4115,59.599998474121094
4116,59.31999969482422
4117,
4118,
4119,59.70000076293945
4120,60.18000030517578
4121,63.150001525878906
4122,63.459999084472656
4123,63.130001068115234
4124,
4125,
4126,63.380001068115234
4127,62.439998626708984
4128,61.349998474121094
4129,61.43000030517578
4130,62.13999938964844
4131,
4132,
4133,61.90999984741211
4134,62.939998626708984
4135,63.86000061035156
4136,65.01000213623047
4137,63.58000183105469
4138,
4139,
4140,64.48999786376953
4141,65.69000244140625
4142,65.62999725341797
4143,64.70999908447266
4144,64.9000015258789
4145,
4146,
4147,64.91999816894531
4148,65.27999877929688
4149,66.08000183105469
4150,63.81999969482422
4151,65.37000274658203
4152,
4153,
4154,66.2699966430664
4155,65.48999786376953
4156,63.36000061035156
4157,62.04999923706055
4158,63.58000183105469
4159,
4160,
4161,66.05000305175781
4162,66.06999969482422
4163,66.20999908447266
4164,66.8499984741211
4165,66.31999969482422
4166,
4167,
4168,
4169,67.72000122070312
4170,68.83000183105469
4171,68.80999755859375
4172,69.62000274658203
4173,
4174,
4175,69.2300033569336
4176,70.05000305175781
4177,69.95999908447266
4178,70.29000091552734
4179,70.91000366210938
4180,
4181,
4182,70.87999725341797
4183,72.12000274658203
4184,72.1500015258789
4185,71.04000091552734
4186,71.63999938964844
4187,
4188,
4189,73.66000366210938
4190,73.05999755859375
4191,73.08000183105469
4192,73.30000305175781
4193,74.05000305175781
4194,
4195,
4196,72.91000366210938
4197,72.9800033569336
4198,73.47000122070312
4199,75.2300033569336
4200,75.16000366210938
4201,
4202,
4203,
4204,73.37000274658203
4205,72.19999694824219
4206,72.94000244140625
4207,74.55999755859375
4208,
4209,
4210,74.0999984741211
4211,75.25
4212,73.12999725341797
4213,71.6500015258789
4214,71.80999755859375
4215,
4216,
4217,66.41999816894531
4218,67.41999816894531
4219,70.30000305175781
4220,71.91000366210938
4221,72.06999969482422
4222,
4223,
4224,71.91000366210938
4225,71.6500015258789
4226,72.38999938964844
4227,73.62000274658203
4228,73.94999694824219
4229,
4230,
4231,71.26000213623047
4232,70.55999755859375
4233,68.1500015258789
4234,69.08999633789062
4235,68.27999877929688
4236,
4237,
4238,66.4800033569336
4239,68.29000091552734
4240,69.25
4241,69.08999633789062
4242,68.44000244140625
4243,
4244,
4245,67.29000091552734
4246,66.58999633789062
4247,65.45999908447266
4248,63.689998626708984
4249,62.31999969482422
4250,
4251,
4252,65.63999938964844
4253,67.54000091552734
4254,68.36000061035156
4255,67.41999816894531
4256,68.73999786376953
4257,
4258,
4259,69.20999908447266
4260,68.5
4261,68.58999633789062
4262,69.98999786376953
4263,69.29000091552734
4264,
4265,
4266,
4267,68.3499984741211
4268,69.30000305175781
4269,68.13999938964844
4270,69.72000122070312
4271,
4272,
4273,70.44999694824219
4274,70.45999908447266
4275,72.61000061035156
4276,72.61000061035156
4277,71.97000122070312
4278,
4279,
4280,70.29000091552734
4281,70.55999755859375
4282,72.2300033569336
4283,73.30000305175781
4284,73.9800033569336
4285,
4286,
4287,75.44999694824219
4288,75.29000091552734
4289,74.83000183105469
4290,75.02999877929688
4291,75.87999725341797
4292,
4293,
4294,77.62000274658203
4295,78.93000030517578
4296,77.43000030517578
4297,78.30000305175781
4298,79.3499984741211
4299,
4300,
4301,80.5199966430664
4302,80.63999938964844
4303,80.44000244140625
4304,81.30999755859375
4305,82.27999877929688
4306,
4307,
4308,82.44000244140625
4309,82.95999908447266
4310,83.87000274658203
4311,82.5
4312,83.76000213623047
4313,
4314,
4315,83.76000213623047
4316,84.6500015258789
4317,82.66000366210938
4318,82.80999755859375
4319,83.56999969482422
4320,
4321,
4322,84.05000305175781
4323,83.91000366210938
4324,80.86000061035156
4325,78.80999755859375
4326,81.2699966430664
4327,
4328,
4329,81.93000030517578
4330,84.1500015258789
4331,81.33999633789062
4332,81.58999633789062
4333,80.79000091552734
4334,
4335,
4336,80.87999725341797
4337,80.76000213623047
4338,78.36000061035156
4339,79.01000213623047
4340,76.0999984741211
4341,
4342,
4343,76.75
4344,78.5
4345,78.38999938964844
4346,
4347,68.1500015258789
4348,
4349,
4350,69.94999694824219
4351,66.18000030517578
4352,65.56999969482422
4353,66.5
4354,66.26000213623047
4355,
4356,
4357,69.48999786376953
4358,72.05000305175781
4359,72.36000061035156
4360,70.94000244140625
4361,71.66999816894531
4362,
4363,
4364,71.29000091552734
4365,70.7300033569336
4366,70.87000274658203
4367,72.37999725341797
4368,70.86000061035156
4369,
4370,
4371,68.2300033569336
4372,71.12000274658203
4373,72.76000213623047
4374,73.79000091552734
4375,
4376,
4377,
4378,75.56999969482422
4379,75.9800033569336
4380,76.55999755859375
4381,76.98999786376953
4382,75.20999908447266
4383,
4384,
4385,76.08000183105469
4386,76.98999786376953
4387,77.8499984741211
4388,79.45999908447266
4389,78.9000015258789
4390,
4391,
4392,78.2300033569336
4393,81.22000122070312
4394,82.63999938964844
4395,82.12000274658203
4396,83.81999969482422
4397,
4398,
4399,
4400,85.43000030517578
4401,86.95999908447266
4402,86.9000015258789
4403,85.13999938964844
4404,
4405,
4406,83.30999755859375
4407,85.5999984741211
4408,87.3499984741211
4409,86.61000061035156
4410,86.81999969482422
4411,
4412,
4413,88.1500015258789
4414,88.19999694824219
4415,88.26000213623047
4416,90.2699966430664
4417,92.30999755859375
4418,
4419,
4420,91.31999969482422
4421,89.36000061035156
4422,89.66000366210938
4423,89.87999725341797
4424,93.0999984741211
4425,
4426,
4427,95.45999908447266
4428,92.06999969482422
4429,93.66000366210938
4430,91.76000213623047
4431,91.06999969482422
4432,
4433,
4434,
4435,92.3499984741211
4436,92.0999984741211
4437,92.80999755859375
4438,91.58999633789062
4439,
4440,
4441,95.72000122070312
4442,103.41000366210938
4443,110.5999984741211
4444,107.66999816894531
4445,115.68000030517578
4446,
4447,
4448,119.4000015258789
4449,123.69999694824219
4450,108.69999694824219
4451,106.0199966430664
4452,109.33000183105469
4453,
4454,
4455,103.01000213623047
4456,96.44000244140625
4457,95.04000091552734
4458,102.9800033569336
4459,104.69999694824219
4460,
4461,
4462,112.12000274658203
4463,111.76000213623047
4464,114.93000030517578
4465,112.33999633789062
4466,113.9000015258789
4467,
4468,
4469,105.95999908447266
4470,104.23999786376953
4471,107.81999969482422
4472,100.27999877929688
4473,99.2699966430664
4474,
4475,
4476,103.27999877929688
4477,101.95999908447266
4478,96.2300033569336
4479,96.02999877929688
4480,98.26000213623047
4481,
4482,
4483,94.29000091552734
4484,100.5999984741211
4485,104.25
4486,106.94999694824219
4487,
4488,
4489,
4490,108.20999908447266
4491,102.55999755859375
4492,102.75
4493,103.79000091552734
4494,102.06999969482422
4495,
4496,
4497,98.54000091552734
4498,101.69999694824219
4499,102.0199966430664
4500,105.36000061035156
4501,104.69000244140625
4502,
4503,
4504,105.16999816894531
4505,102.41000366210938
4506,107.80999755859375
4507,108.26000213623047
4508,109.7699966430664
4509,
4510,
4511,103.08999633789062
4512,99.76000213623047
4513,105.70999908447266
4514,106.12999725341797
4515,110.48999786376953
4516,
4517,
4518,114.19999694824219
4519,112.4000015258789
4520,109.58999633789062
4521,112.20999908447266
4522,113.2300033569336
4523,
4524,
4525,110.29000091552734
4526,109.7699966430664
4527,110.33000183105469
4528,114.08999633789062
4529,115.06999969482422
4530,
4531,
4532,
4533,114.66999816894531
4534,115.26000213623047
4535,116.87000274658203
4536,118.87000274658203
4537,
4538,
4539,118.5
4540,119.41000366210938
4541,122.11000061035156
4542,121.51000213623047
4543,120.66999816894531
4544,
4545,
4546,120.93000030517578
4547,118.93000030517578
4548,115.30999755859375
4549,117.58999633789062
4550,109.55999755859375
4551,
4552,
4553,
4554,110.6500015258789
4555,106.19000244140625
4556,104.2699966430664
4557,107.62000274658203
4558,
4559,
4560,109.56999969482422
4561,111.76000213623047
4562,109.77999877929688
4563,105.76000213623047
4564,108.43000030517578
4565,
4566,
4567,
4568,99.5
4569,98.52999877929688
4570,102.7300033569336
4571,104.79000091552734
4572,
4573,
4574,104.08999633789062
4575,95.83999633789062
4576,96.30000305175781
4577,95.77999877929688
4578,97.58999633789062
4579,
4580,
4581,102.5999984741211
4582,104.22000122070312
4583,102.26000213623047
4584,96.3499984741211
4585,94.69999694824219
4586,
4587,
4588,96.69999694824219
4589,94.9800033569336
4590,97.26000213623047
4591,96.41999816894531
4592,98.62000274658203
4593,
4594,
4595,93.88999938964844
4596,94.41999816894531
4597,90.66000366210938
4598,88.54000091552734
4599,89.01000213623047
4600,
4601,
4602,90.76000213623047
4603,90.5
4604,91.93000030517578
4605,94.33999633789062
4606,92.08999633789062
4607,
4608,
4609,89.41000366210938
4610,86.52999877929688
4611,88.11000061035156
4612,90.5
4613,90.7699966430664
4614,
4615,
4616,90.2300033569336
4617,93.73999786376953
4618,94.88999938964844
4619,92.5199966430664
4620,93.05999755859375
4621,
4622,
4623,97.01000213623047
4624,91.63999938964844
4625,89.55000305175781
4626,86.61000061035156
4627,86.87000274658203
4628,
4629,
4630,
4631,86.87999725341797
4632,81.94000244140625
4633,83.54000091552734
4634,86.79000091552734
4635,
4636,
4637,87.77999877929688
4638,87.30999755859375
4639,88.4800033569336
4640,85.0999984741211
4641,85.11000061035156
4642,
4643,
4644,85.7300033569336
4645,84.44999694824219
4646,82.94000244140625
4647,83.48999786376953
4648,78.73999786376953
4649,
4650,
4651,76.70999908447266
4652,78.5
4653,82.1500015258789
4654,81.2300033569336
4655,79.48999786376953
4656,
4657,
4658,83.62999725341797
4659,86.5199966430664
4660,87.76000213623047
4661,88.44999694824219
4662,92.63999938964844
4663,
4664,
4665,91.12999725341797
4666,89.3499984741211
4667,87.2699966430664
4668,89.11000061035156
4669,85.61000061035156
4670,
4671,
4672,85.45999908447266
4673,82.81999969482422
4674,85.55000305175781
4675,85.9800033569336
4676,85.05000305175781
4677,
4678,
4679,84.58000183105469
4680,85.31999969482422
4681,87.91000366210938
4682,89.08000183105469
4683,87.9000015258789
4684,
4685,
4686,86.52999877929688
4687,88.37000274658203
4688,90.0
4689,88.16999816894531
4690,92.61000061035156
4691,
4692,
4693,91.79000091552734
4694,88.91000366210938
4695,85.83000183105469
4696,86.47000122070312
4697,88.95999908447266
4698,
4699,
4700,85.87000274658203
4701,86.91999816894531
4702,85.58999633789062
4703,81.63999938964844
4704,80.08000183105469
4705,
4706,
4707,79.7300033569336
4708,80.94999694824219
4709,77.94000244140625
4710,
4711,76.27999877929688
4712,
4713,
4714,77.23999786376953
4715,78.19999694824219
4716,80.55000305175781
4717,81.22000122070312
4718,79.9800033569336
4719,
4720,
4721,76.93000030517578
4722,74.25
4723,72.01000213623047
4724,71.45999908447266
4725,71.0199966430664
4726,
4727,
4728,73.16999816894531
4729,75.38999938964844
4730,77.27999877929688
4731,76.11000061035156
4732,74.29000091552734
4733,
4734,
4735,75.19000244140625
4736,76.08999633789062
4737,78.29000091552734
4738,77.48999786376953
4739,79.55999755859375
4740,
4741,
4742,
4743,79.52999877929688
4744,78.95999908447266
4745,78.4000015258789
4746,80.26000213623047
4747,
4748,
4749,
4750,76.93000030517578
4751,72.83999633789062
4752,73.66999816894531
4753,73.7699966430664
4754,
4755,
4756,74.62999725341797
4757,75.12000274658203
4758,77.41000366210938
4759,78.38999938964844
4760,79.86000061035156
4761,
4762,
4763,
4764,80.18000030517578
4765,79.4800033569336
4766,80.33000183105469
4767,81.30999755859375
4768,
4769,
4770,81.62000274658203
4771,80.12999725341797
4772,80.1500015258789
4773,81.01000213623047
4774,79.68000030517578
4775,
4776,
4777,77.9000015258789
4778,78.87000274658203
4779,76.41000366210938
4780,75.87999725341797
4781,73.38999938964844
4782,
4783,
4784,74.11000061035156
4785,77.13999938964844
4786,78.47000122070312
4787,78.05999755859375
4788,79.72000122070312
4789,
4790,
4791,80.13999938964844
4792,79.05999755859375
4793,78.58999633789062
4794,78.48999786376953
4795,76.33999633789062
4796,
4797,
4798,
4799,76.16000366210938
4800,73.94999694824219
4801,75.38999938964844
4802,76.31999969482422
4803,
4804,
4805,75.68000030517578
4806,77.05000305175781
4807,77.69000244140625
4808,78.16000366210938
4809,79.68000030517578
4810,
4811,
4812,80.45999908447266
4813,77.58000183105469
4814,76.66000366210938
4815,75.72000122070312
4816,76.68000030517578
4817,
4818,
4819,74.80000305175781
4820,71.33000183105469
4821,67.61000061035156
4822,68.3499984741211
4823,66.73999786376953
4824,
4825,
4826,67.63999938964844
4827,69.33000183105469
4828,70.9000015258789
4829,69.95999908447266
4830,69.26000213623047
4831,
4832,
4833,72.80999755859375
4834,73.19999694824219
4835,72.97000122070312
4836,74.37000274658203
4837,75.66999816894531
4838,
4839,
4840,80.41999816894531
4841,80.70999908447266
4842,80.61000061035156
4843,80.69999694824219
4844,
4845,
4846,
4847,79.73999786376953
4848,81.52999877929688
4849,83.26000213623047
4850,82.16000366210938
4851,82.5199966430664
4852,
4853,
4854,80.83000183105469
4855,80.86000061035156
4856,79.16000366210938
4857,77.29000091552734
4858,77.87000274658203
4859,
4860,
4861,78.76000213623047
4862,77.06999969482422
4863,74.30000305175781
4864,74.76000213623047
4865,76.77999877929688
4866,
4867,
4868,75.66000366210938
4869,71.66000366210938
4870,68.5999984741211
4871,68.55999755859375
4872,71.33999633789062
4873,
4874,
4875,73.16000366210938
4876,73.70999908447266
4877,72.55999755859375
4878,70.87000274658203
4879,70.04000091552734
4880,
4881,
4882,71.11000061035156
4883,70.86000061035156
4884,72.83000183105469
4885,71.86000061035156
4886,71.55000305175781
4887,
4888,
4889,71.98999786376953
4890,72.91000366210938
4891,74.33999633789062
4892,71.83000183105469
4893,72.66999816894531
4894,
4895,
4896,
4897,69.45999908447266
4898,68.08999633789062
4899,70.0999984741211
4900,71.73999786376953
4901,
4902,
4903,72.1500015258789
4904,71.73999786376953
4905,72.52999877929688
4906,71.29000091552734
4907,70.16999816894531
4908,
4909,
4910,67.12000274658203
4911,69.41999816894531
4912,68.2699966430664
4913,70.62000274658203
4914,71.77999877929688
4915,
4916,
4917,
4918,70.5
4919,72.52999877929688
4920,69.51000213623047
4921,69.16000366210938
4922,
4923,
4924,69.37000274658203
4925,67.69999694824219
4926,69.55999755859375
4927,69.86000061035156
4928,70.63999938964844
4929,
4930,
4931,69.79000091552734
4932,
4933,71.79000091552734
4934,71.80000305175781
4935,73.86000061035156
4936,
4937,
4938,72.98999786376953
4939,74.83000183105469
4940,75.75
4941,76.88999938964844
4942,75.41999816894531
4943,
4944,
4945,74.1500015258789
4946,75.75
4947,75.3499984741211
4948,75.62999725341797
4949,77.06999969482422
4950,
4951,
4952,78.73999786376953
4953,79.62999725341797
4954,78.77999877929688
4955,80.08999633789062
4956,80.58000183105469
4957,
4958,
4959,81.80000305175781
4960,81.37000274658203
4961,79.48999786376953
4962,81.55000305175781
4963,82.81999969482422
4964,
4965,
4966,81.94000244140625
4967,82.91999816894531
4968,84.4000015258789
4969,82.81999969482422
4970,83.19000244140625
4971,
4972,
4973,82.51000213623047
4974,80.98999786376953
4975,79.37999725341797
4976,80.38999938964844
4977,81.25
4978,
4979,
4980,80.72000122070312
4981,80.3499984741211
4982,78.88999938964844
4983,79.05000305175781
4984,79.83000183105469
4985,
4986,
4987,80.0999984741211
4988,81.16000366210938
4989,81.62999725341797
4990,83.62999725341797
4991,85.55000305175781
4992,
4993,
4994,
4995,86.69000244140625
4996,87.54000091552734
4997,86.87000274658203
4998,87.51000213623047
4999,
5000,
5001,87.29000091552734
5002,88.83999633789062
5003,88.5199966430664
5004,90.16000366210938
5005,90.7699966430664
5006,
5007,
5008,91.4800033569336
5009,91.19999694824219
5010,90.27999877929688
5011,89.62999725341797
5012,90.02999877929688
5013,
5014,
5015,89.68000030517578
5016,90.38999938964844
5017,93.68000030517578
5018,91.70999908447266
5019,90.79000091552734
5020,
5021,
5022,88.81999969482422
5023,89.2300033569336
5024,84.22000122070312
5025,82.30999755859375
5026,82.79000091552734
5027,
5028,
5029,86.37999725341797
5030,85.97000122070312
5031,83.48999786376953
5032,82.91000366210938
5033,87.69000244140625
5034,
5035,
5036,86.66000366210938
5037,86.66000366210938
5038,88.31999969482422
5039,89.37000274658203
5040,88.75
5041,
5042,
5043,85.48999786376953
5044,83.73999786376953
5045,85.38999938964844
5046,83.20999908447266
5047,85.54000091552734
5048,
5049,
5050,82.30999755859375
5051,81.0199966430664
5052,80.44000244140625
5053,82.45999908447266
5054,80.51000213623047
5055,
5056,
5057,80.81999969482422
5058,77.37000274658203
5059,75.33000183105469
5060,75.73999786376953
5061,77.16999816894531
5062,
5063,
5064,78.26000213623047
5065,78.26000213623047
5066,76.66000366210938
5067,72.9000015258789
5068,75.88999938964844
5069,
5070,
5071,77.5999984741211
5072,77.7699966430664
5073,77.0999984741211
5074,
5075,75.54000091552734
5076,
5077,
5078,74.86000061035156
5079,76.41000366210938
5080,77.86000061035156
5081,75.95999908447266
5082,74.06999969482422
5083,
5084,
5085,73.04000091552734
5086,72.31999969482422
5087,69.37999725341797
5088,69.33999633789062
5089,71.2300033569336
5090,
5091,
5092,71.31999969482422
5093,68.61000061035156
5094,69.47000122070312
5095,71.58000183105469
5096,71.43000030517578
5097,
5098,
5099,72.47000122070312
5100,73.44000244140625
5101,74.22000122070312
5102,73.88999938964844
5103,73.55999755859375
5104,
5105,
5106,
5107,75.56999969482422
5108,74.11000061035156
5109,71.7699966430664
5110,71.6500015258789
5111,
5112,
5113,
5114,70.37999725341797
5115,72.69999694824219
5116,72.19000244140625
5117,73.80999755859375
5118,
5119,
5120,70.7699966430664
5121,72.23999786376953
5122,71.37000274658203
5123,72.0199966430664
5124,72.68000030517578
5125,
5126,
5127,
5128,72.4000015258789
5129,72.55999755859375
5130,74.08000183105469
5131,73.41000366210938
5132,
5133,
5134,75.19000244140625
5135,74.37000274658203
5136,75.08999633789062
5137,77.36000061035156
5138,78.01000213623047
5139,
5140,
5141,76.77999877929688
5142,77.81999969482422
5143,75.8499984741211
5144,73.81999969482422
5145,72.27999877929688
5146,
5147,
5148,72.77999877929688
5149,73.30999755859375
5150,73.86000061035156
5151,76.22000122070312
5152,76.83999633789062
5153,
5154,
5155,76.91999816894531
5156,77.87000274658203
5157,76.63999938964844
5158,78.02999877929688
5159,79.19000244140625
5160,
5161,
5162,
5163,78.18000030517578
5164,77.91000366210938
5165,78.61000061035156
5166,76.48999786376953
5167,
5168,
5169,77.58000183105469
5170,78.87000274658203
5171,78.54000091552734
5172,78.26000213623047
5173,79.97000122070312
5174,
5175,
5176,78.73999786376953
5177,78.1500015258789
5178,79.12999725341797
5179,78.93000030517578
5180,78.01000213623047
5181,
5182,
5183,77.93000030517578
5184,77.55999755859375
5185,79.72000122070312
5186,81.26000213623047
5187,81.04000091552734
5188,
5189,
5190,82.72000122070312
5191,83.47000122070312
5192,81.68000030517578
5193,81.06999969482422
5194,80.62999725341797
5195,
5196,
5197,81.94999694824219
5198,81.62000274658203
5199,81.3499984741211
5200,83.16999816894531
5201,
5202,
5203,
5204,83.70999908447266
5205,85.1500015258789
5206,85.43000030517578
5207,86.58999633789062
5208,86.91000366210938
5209,
5210,
5211,86.43000030517578
5212,85.2300033569336
5213,86.20999908447266
5214,85.0199966430664
5215,85.66000366210938
5216,
5217,
5218,85.41000366210938
5219,85.36000061035156
5220,82.69000244140625
5221,82.7300033569336
5222,83.13999938964844
5223,
5224,
5225,82.8499984741211
5226,83.36000061035156
5227,82.80999755859375
5228,83.56999969482422
5229,83.8499984741211
5230,
5231,
5232,82.62999725341797
5233,81.93000030517578
5234,79.0
5235,78.94999694824219
5236,78.11000061035156
5237,
5238,
5239,78.4800033569336
5240,78.37999725341797
5241,78.98999786376953
5242,79.26000213623047
5243,78.26000213623047
5244,
5245,
5246,79.12000274658203
5247,78.0199966430664
5248,78.62999725341797
5249,79.2300033569336
5250,80.05999755859375
5251,
5252,
5253,79.80000305175781
5254,79.26000213623047
5255,77.56999969482422
5256,76.87000274658203
5257,77.72000122070312
5258,
5259,
5260,
5261,79.83000183105469
5262,79.2300033569336
5263,77.91000366210938
5264,76.98999786376953
5265,
5266,
5267,74.22000122070312
5268,73.25
5269,74.06999969482422
5270,75.55000305175781
5271,75.52999877929688
5272,
5273,
5274,77.73999786376953
5275,77.9000015258789
5276,78.5
5277,78.62000274658203
5278,78.44999694824219
5279,
5280,
5281,80.33000183105469
5282,81.56999969482422
5283,
5284,82.16999816894531
5285,80.7300033569336
5286,
5287,
5288,81.62999725341797
5289,80.83000183105469
5290,80.9000015258789
5291,81.73999786376953
5292,81.54000091552734
5293,
5294,
5295,83.37999725341797
5296,82.80999755859375
5297,83.87999725341797
5298,
5299,83.16000366210938
5300,
5301,
5302,82.33000183105469
5303,81.41000366210938
5304,82.0999984741211
5305,82.62000274658203
5306,82.20999908447266
5307,
5308,
5309,81.91000366210938
5310,80.76000213623047
5311,82.8499984741211
5312,82.81999969482422
5313,80.12999725341797
5314,
5315,
5316,79.77999877929688
5317,76.95999908447266
5318,77.58999633789062
5319,78.27999877929688
5320,77.16000366210938
5321,
5322,
5323,75.80999755859375
5324,74.7300033569336
5325,77.91000366210938
5326,76.30999755859375
5327,73.5199966430664
5328,
5329,
5330,72.94000244140625
5331,73.19999694824219
5332,75.2300033569336
5333,76.19000244140625
5334,76.83999633789062
5335,
5336,
5337,80.05999755859375
5338,78.3499984741211
5339,76.9800033569336
5340,78.16000366210938
5341,76.6500015258789
5342,
5343,
5344,74.37000274658203
5345,74.04000091552734
5346,71.93000030517578
5347,73.01000213623047
5348,74.83000183105469
5349,
5350,
5351,77.41999816894531
5352,75.52999877929688
5353,74.5199966430664
5354,75.91000366210938
5355,73.55000305175781
5356,
5357,
5358,
5359,70.33999633789062
5360,69.19999694824219
5361,69.1500015258789
5362,67.66999816894531
5363,
5364,
5365,68.70999908447266
5366,65.75
5367,67.30999755859375
5368,68.97000122070312
5369,68.6500015258789
5370,
5371,
5372,70.08999633789062
5373,71.19000244140625
5374,70.91000366210938
5375,71.94999694824219
5376,71.91999816894531
5377,
5378,
5379,70.37000274658203
5380,71.55999755859375
5381,69.69000244140625
5382,67.66999816894531
5383,68.18000030517578
5384,
5385,
5386,68.16999816894531
5387,69.83000183105469
5388,70.0999984741211
5389,73.70999908447266
5390,74.37999725341797
5391,
5392,
5393,77.13999938964844
5394,73.56999969482422
5395,73.23999786376953
5396,75.8499984741211
5397,75.55999755859375
5398,
5399,
5400,73.83000183105469
5401,70.58000183105469
5402,70.38999938964844
5403,70.66999816894531
5404,69.22000122070312
5405,
5406,
5407,70.55999755859375
5408,72.08999633789062
5409,70.7699966430664
5410,70.19000244140625
5411,71.77999877929688
5412,
5413,
5414,67.37999725341797
5415,67.20999908447266
5416,68.61000061035156
5417,69.26000213623047
5418,69.48999786376953
5419,
5420,
5421,71.47000122070312
5422,71.98999786376953
5423,71.69000244140625
5424,72.36000061035156
5425,70.37999725341797
5426,
5427,
5428,68.04000091552734
5429,68.12000274658203
5430,68.43000030517578
5431,68.69999694824219
5432,67.0199966430664
5433,
5434,
5435,69.16000366210938
5436,69.38999938964844
5437,68.87000274658203
5438,70.0999984741211
5439,71.23999786376953
5440,
5441,
5442,68.94000244140625
5443,68.7699966430664
5444,68.72000122070312
5445,
5446,68.0
5447,
5448,
5449,68.0999984741211
5450,69.94000244140625
5451,68.54000091552734
5452,68.30000305175781
5453,67.19999694824219
5454,
5455,
5456,68.37000274658203
5457,68.58999633789062
5458,70.29000091552734
5459,70.0199966430664
5460,71.29000091552734
5461,
5462,
5463,70.70999908447266
5464,70.08000183105469
5465,70.58000183105469
5466,69.91000366210938
5467,69.45999908447266
5468,
5469,
5470,69.23999786376953
5471,70.0999984741211
5472,
5473,69.62000274658203
5474,70.5999984741211
5475,
5476,
5477,70.98999786376953
5478,71.72000122070312
5479,
5480,73.12999725341797
5481,73.95999908447266
5482,
5483,
5484,73.55999755859375
5485,74.25
5486,73.31999969482422
5487,73.91999816894531
5488,76.56999969482422
5489,
5490,
5491,78.81999969482422
5492,77.5
5493,80.04000091552734
5494,78.68000030517578
5495,77.87999725341797
5496,
5497,
5498,
5499,75.88999938964844
5500,75.44000244140625
5501,74.62000274658203
5502,74.66000366210938
5503,
5504,
5505,73.16999816894531
5506,73.7699966430664
5507,72.62000274658203
5508,72.7300033569336
5509,72.52999877929688
5510,
5511,
5512,73.16000366210938
5513,72.69999694824219
5514,71.02999877929688
5515,70.61000061035156
5516,71.0
5517,
5518,
5519,72.31999969482422
5520,73.31999969482422
5521,71.37000274658203
5522,71.29000091552734
5523,70.73999786376953
5524,
5525,
5526,
5527,71.8499984741211
5528,72.25
5529,72.56999969482422
5530,70.4000015258789
5531,
5532,
5533,70.69999694824219
5534,68.93000030517578
5535,68.62000274658203
5536,70.3499984741211
5537,69.76000213623047
5538,
5539,
5540,68.37000274658203
5541,68.26000213623047
5542,66.30999755859375
5543,66.36000061035156
5544,67.04000091552734
5545,
5546,
5547,66.02999877929688
5548,66.25
5549,67.68000030517578
5550,66.55000305175781
5551,67.18000030517578
5552,
5553,
5554,67.58000183105469
5555,66.9000015258789
5556,67.16000366210938
5557,68.26000213623047
5558,68.27999877929688
5559,
5560,
5561,69.11000061035156
5562,69.0
5563,69.6500015258789
5564,69.91999816894531
5565,69.36000061035156
5566,
5567,
5568,71.4800033569336
5569,71.19999694824219
5570,71.70999908447266
5571,66.94999694824219
5572,61.9900016784668
5573,
5574,
5575,60.70000076293945
5576,59.58000183105469
5577,62.349998474121094
5578,60.06999969482422
5579,61.5
5580,
5581,
5582,61.529998779296875
5583,61.33000183105469
5584,62.470001220703125
5585,64.68000030517578
5586,
5587,
5588,
5589,63.08000183105469
5590,64.30999755859375
5591,62.27000045776367
5592,62.790000915527344
5593,63.02000045776367
5594,
5595,
5596,62.04999923706055
5597,60.41999816894531
5598,58.209999084472656
5599,59.2400016784668
5600,58.290000915527344
5601,
5602,
5603,57.130001068115234
5604,59.09000015258789
5605,58.70000076293945
